station,lon,lat,elevation,start_year,end_year
Abashiri,144.28333,44.01667,38,1961,2008
Abbeville,1.83333,50.13333,74,2011,2020
Aberdeen,357.91667,57.16667,35,1967,2017
Aberporth,355.43333,52.13333,134,1957,2017
Abha,42.65,18.23333,2090,1982,1990
AbuDhabiArpt,54.41667,24.46667,16,1982,2007
AbuNaama,34.13333,12.73333,445,1957,1991
Aburatsu,131.4,31.58333,3,1961,1969
Acarigua,290.76667,9.55,226,1996,1998
Accra,359.83333,5.6,68,1954,2003
AddisAbeba,38.75,9.03333,2408,1968,1992
AdelaideAirp.,138.51667,-34.93333,6,1983,2020
AdelaideAirportnew,138.51667,-34.96667,49,2003,2006
AdelaideCityWst.Terrace,138.58333,-34.93333,29,2005,2005
AdenKhormaskar,45.03333,12.83333,3,1964,1967
Agadez,7.98333,16.96667,505,1978,1980
Agadir,350.43333,30.38333,20,1958,1958
Agen,0.6,44.18333,61,1968,2021
Ahmadabad,72.63333,23.06667,55,1964,2021
Ahuachapan,270.13333,13.95,725,1971,1979
Aix-En-Provence,5.41667,43.51667,173,2013,2016
Ajaccio,8.8,41.91667,4,1970,2021
Akita,140.1,39.71667,9,1961,2021
Aklavik,225.0,68.23333,9,1950,1966
Aksu,80.23333,41.16667,1103,1993,2000
Akune,130.2,32.03333,40,1961,1969
Akuse,0.11667,6.1,18,1980,1993
Al-AinInt.Arpt,55.6,24.26667,262,1994,2007
Albacete,358.13333,39.0,674,1996,2021
AlbanyAirp.,117.8,-34.95,71,1968,1988
Albi,2.1,43.9,172,2011,2021
Albuquerque,253.38333,35.05,1631,1950,2006
Aldergrove-Airpt.Belfast,353.78333,54.65,81,1968,2007
Aleksandrovskoe,77.86667,60.43333,47,1964,1994
Alencon,0.1,48.43333,143,2010,2021
Alert,297.66667,82.5,62,1965,2000
AlertBSRN,297.58,82.49,127,2004,2014
AlexanderBay,16.53333,-28.56667,21,1953,1976
Alghero,8.28333,40.63333,40,1964,1989
AlHufuf,49.56667,25.5,616,1976,1990
Aliartos,23.1,38.38333,110,1977,1993
AlicanteAirport,359.45,38.28333,31,2003,2021
AliceSprings,133.9,-23.8,545,1953,2020
AliceSpringsBSRN,133.9,-23.8,545,1995,2020
Almeria,357.61667,36.85,20,2003,2021
AlTaif,40.55,21.48333,1478,1975,1990
Altay,88.08333,47.73333,735,1960,2000
Altdorf,8.63167,46.87,449,1981,2007
AltoPalena,288.21667,-43.61667,266,1969,1973
Amberieu,5.31667,45.96667,250,2017,2021
Amendola,15.71667,41.53333,56,1964,2010
Ames,266.36667,42.03333,283,1953,1969
Amherst,287.48333,42.38333,100,1950,1951
Amundsen-ScottBSRN,0.0,-90.0,2835,1992,2003
Ancona,13.51667,43.61667,105,1964,1978
Andravida,21.28333,37.91667,12,1978,1993
AngradoHeroismo,332.76667,38.65,90,1964,2020
Ankara,32.88333,39.95,894,1983,1984
Anmyeon-Do,126.31667,36.53333,47,2017,2020
Annette,228.43333,55.03333,34,1954,1998
Antalya,30.73333,36.86667,50,1983,1985
Antananarivo,47.53333,-18.9,1300,1954,1993
Anyang,114.36667,36.11667,0,1961,1990
Aomori,140.76667,40.81667,3,1961,2008
Apalachicola,275.01667,29.73333,14,1950,1975
AralskoeMore,61.66667,46.78333,62,1964,1990
Arenosillo,353.26667,37.1,45,2009,2021
ArequipaCharacato,287.51667,-16.46667,2451,1964,1986
"Argentine,Isls",295.73333,-65.25,10,1964,1965
ArgonneNat.Lab.Lemont,272.01667,41.7,229,1955,1969
ArgosPyrgela,22.78333,37.6,13,1982,1993
Arica,289.66667,-18.33333,58,1971,2021
Arkhangelsk,40.5,64.58333,13,1964,2017
Arkona,13.43333,54.68333,42,1991,1998
Armerillo,288.9,-35.7,450,1969,1973
Aroma,36.15,15.83333,430,1974,1991
ArrecifeLanzarote,346.4,28.95,20,1996,2021
ArRiyadh,46.71667,24.71667,636,1975,1990
Arta,21.0,39.16667,11,1979,1993
Arua,30.91667,3.01667,1204,1971,1976
Arusha,36.61667,-3.33333,1387,1973,1976
Asahikawa,142.36667,43.75,120,1961,2008
Asosan,131.06667,32.88333,1142,1961,1969
Aspendale,145.1,-38.03333,6,1964,1981
Astoria,236.11667,46.15,7,1953,2002
AsukaCamp,24.13333,-71.53333,965,1987,1991
Aswan,32.78333,23.96667,192,1980,2017
Asyut,31.16667,27.2,52,1980,2010
Athens,23.71667,37.96667,107,1955,1985
Atlanta,275.56667,33.65,315,1951,1996
Aubenas,4.36667,44.53333,280,2013,2016
Auch,0.6,43.68333,121,2010,2021
AucklandAirport,174.8,-37.01667,6,1969,1990
Aughton,357.08333,53.55,55,1984,1996
Aurillac,2.41667,44.88333,639,2009,2021
Auxerre,3.55,47.8,207,1976,2021
Averroes,352.58333,33.3,240,1958,1958
Aviemore,356.16667,57.2,220,1984,2017
Axim,357.76667,4.86667,38,1995,2000
Azapa,289.81667,-18.53333,578,1971,1971
Babanusa,27.81667,11.33333,453,1981,1989
Badajoz,352.98333,38.88333,185,2002,2021
BadLake,251.6,51.31667,637,1971,1998
BadLippspringe,8.83333,51.78333,162,1982,1998
BadNauheim,8.75,50.36667,145,1971,1977
Bafata,345.33333,12.16667,43,1968,1974
Bahtim,31.25,30.15,17,1968,2010
BakerLake,264.0,64.3,49,1970,2000
Bamako,352.05,12.53333,381,1980,1980
Bambesa,25.71667,3.45,621,1958,1960
Bambey,343.53333,14.7,20,1980,1988
Bangkok,100.56667,13.73333,16,1966,2015
Bangui,18.51667,4.4,367,1957,1975
BanjaLuka,17.21667,44.78333,153,1964,1991
BanjulYundum,343.2,13.35,26,1980,1980
BanskaBystrica,19.11667,48.73333,427,2015,2021
Bar,19.1,42.1,6,1964,1991
Barcelona,2.2,41.38333,25,1996,2021
Barcelona64-68,2.15,41.4,95,1964,1968
BarcelonaAirport,2.05,41.3,10,2003,2020
BarcelonaVenezuela,295.31667,10.11667,7,1964,1998
Barentsburg,21.25,78.06667,70,1985,1990
Bari,16.86667,41.11667,28,1964,1971
Barinas,289.78333,8.61667,203,1996,1998
Barquisimeto,290.68333,10.06667,613,1964,1998
Barrow,203.21667,71.3,19,1951,1974
BarrowBSRN,203.6,71.31667,8,1992,2020
Basel,7.58333,47.55,316,1988,2021
Basel-Binningen,7.58333,47.58333,317,1981,2007
Basse,345.78333,13.31667,14,1980,1980
Bastia,9.48333,42.55,8,1991,2021
Beaucouze,359.4,47.46667,50,2009,2021
Beauvais-Tille,2.11667,49.43333,89,2010,2021
Beaverlodge,240.63333,55.18333,762,1960,1998
Bechar,357.76667,31.61667,772,1971,1975
BeekLimburg,5.76667,50.91667,114,1978,1991
Beihai,109.11667,21.48333,0,1993,2000
Beijing,116.28333,39.93333,55,1957,2016
Beira,34.85,-19.83333,17,1957,2008
Beirut,35.48333,33.81667,18,1964,1981
Beja,352.13333,38.01667,247,2006,2007
Bekescsaba,21.08333,46.68333,87,1964,1965
BelfastAldergroveArpt,353.78333,54.66667,81,1970,2017
Bellaterra,356.41667,37.16667,45,1972,1974
Belmullet,350.0,54.23333,10,1982,2021
Belsk,20.78333,51.83333,180,1970,2021
BeninCity,5.61667,6.55,156,1964,1992
BeogradZeleno-Brdo,20.53333,44.78333,243,1964,1991
Beregadougou,355.21667,10.71667,0,1979,1980
Bergen,5.31667,60.4,45,1965,2014
Bergerac,0.5,44.81667,49,2011,2021
BermudaBSRN,295.66667,32.26667,8,1992,2020
BernZollikofen,7.46389,46.99056,553,1981,2007
Besancon,5.98333,47.25,307,1991,2021
BetDagan,34.81667,32.0,30,1964,1990
Bethel,198.2,60.78333,49,1951,1998
Bethune-CookmanCollege,278.96667,29.3,20,1985,2000
Bhaunagar,72.2,21.75,5,1967,1994
Biarritz-Anglet,358.46667,43.46667,71,2011,2021
BigTroutLake,270.13333,53.83333,219,1972,1992
Bilbao-Sondica,357.06667,43.3,40,1995,2021
BillingsBSRN,262.66667,36.6,318,1993,2019
Bilma,12.91667,18.68333,357,1980,1980
Birmensdorf,8.45,47.36667,560,1969,1995
Birr,352.11667,53.08333,72,1971,2011
Biscarrosse,358.75,44.43333,33,1979,2021
Bismarck,259.25,46.76667,506,1950,2006
Bissau,344.4,11.85,20,1958,1974
Bitola,21.36667,41.05,586,1969,1990
Bizerte,9.8,37.25,3,2008,2008
Bloemfontein,26.3,-29.1,1351,1953,1976
Blois,1.21667,47.66667,121,2013,2021
BluefieldStateCollege,278.76667,37.28333,803,1985,2005
BlueHillObs.,288.88333,42.21667,204,1950,1976
BoboDioulasso,355.7,11.16667,460,1971,1990
Bobole,32.66667,-25.61667,30,1972,1974
Bocholt,6.53333,51.83333,24,1973,1998
Bochum,7.26667,51.45,187,1992,1998
Bodo,14.36667,67.26667,10,1953,1965
Boende,20.85,-0.21667,375,1956,1989
BogotaEl-Dorado,285.86667,4.7,2547,1988,1997
Boise,243.78333,43.56667,874,1950,1994
Bolama,344.51667,11.58333,20,1968,1974
Bole,357.58333,9.01667,299,1964,1994
Bologna,11.3,44.53333,49,1964,1989
Bondville,271.63333,40.06667,213,1999,2021
BondvilleBSRN,271.38333,40.1,213,1995,2020
Bonn,7.15,50.7,65,1976,1998
Bordeaux,359.3,44.83333,49,1978,2021
Borlaenge,15.5,60.43333,153,1988,2021
Bossangoa,17.43333,6.48333,463,1975,1975
Boston,288.95,42.36667,48,1950,1968
Bougouni,352.5,11.41667,351,1980,1980
Boulder,254.75,40.01667,1634,1977,2021
BoulderBSRN,254.01667,40.05,1577,1992,2016
BoulderNOAAtower,254.73333,40.03333,1600,1986,1988
BoulderSURFRAD,254.6,40.21667,1689,1995,2020
Boulmer,358.4,55.41667,22,2006,2017
Bourges,2.36667,47.06667,161,1987,2021
BourgSt-Maurice,6.75,45.6,865,2018,2021
Bozen,11.33333,46.46667,241,1964,1988
Bracknell,359.21667,51.38333,74,1965,2002
Braganca,353.26667,41.8,691,1964,2021
BrasiliaBSRN,312.28694,-15.60111,1023,2006,2019
Bratislava,17.1,48.16667,289,1964,2021
Braunlage,10.61667,51.71667,615,1957,1998
Braunschweig,10.45,52.3,81,1958,2021
Brazzaville,15.23333,-4.25,320,1955,1962
Bregenz,9.75,47.5,424,1993,2021
Bremen,8.8,53.05,24,1976,1998
Brest,355.58333,48.45,99,1987,2021
Brindisi,17.95,40.65,15,1964,2014
Brisbane,153.08333,-27.43333,5,1983,1995
Brive,1.46667,45.13333,112,2010,2021
BroomeAirport,122.23333,-17.95,17,1987,2020
Brownsville,262.56667,25.9,15,1950,1994
BruneiAirport,114.93333,4.93333,22,1987,1994
Brwinow,20.71667,52.13333,110,1964,1978
Bucharest,26.13333,44.5,91,1964,2021
Budapest,19.18333,47.43333,138,1964,2006
BuenosAires,301.51667,-34.58333,25,1964,2021
Bukavu,28.85,-2.51667,1635,1958,1981
BukhtaTykhaya,52.0,80.5,0,1934,1957
BukitKototabang,100.32,-0.2,864,1996,2020
Bukoba,31.81667,-1.33333,1137,1964,1976
Bulawayo-Goetz-Obs.,28.61667,-20.15,1344,1954,2005
Bunia-Ruampara,30.16667,1.53333,1225,1957,1975
Buraimi,55.78333,24.23333,299,1988,1991
Burgos,356.31667,42.35,870,1978,1982
Burlington,286.85,44.46667,104,1963,1994
Buta,24.78333,2.78333,450,1979,1989
CabauwBSRN,4.92667,51.97111,0,2005,2022
CaboCarvoeiro,350.6,39.35,32,2006,2006
CaboRaper,284.41667,-46.83333,46,1969,1969
Caceres,353.66667,39.46667,405,1983,2021
Cadiz,353.71667,36.53333,16,1993,2021
Caen,359.53333,49.18333,78,1974,2021
CagliariElmas,9.05,39.25,18,1964,2013
Cairns-Airpt.,145.75,-16.88333,3,1997,2004
Cairo,31.28333,30.08333,36,1969,2016
Cajamarca,281.5,-7.16667,2536,1983,1983
Calabozo,292.58333,8.93333,100,1996,1998
Calais-Marck,1.95,50.95,2,2013,2021
Calama,291.08333,-22.46667,2270,1971,2016
CalcuttaAlipore,88.33333,22.53333,4,1957,2002
Caldera,289.15,-27.08333,14,1971,2021
Camborne,354.68333,50.21667,88,1964,2017
CamborneBSRN,354.68333,50.21667,88,2001,2017
Cambridge,0.1,52.21667,23,1957,1971
CambridgeBay,254.88333,69.1,27,1971,1998
Campobasso,14.65,41.56667,793,1997,2015
Canberra,149.18333,-35.3,575,1983,1994
Canton,188.28333,-2.76667,4,1951,1967
CapeGrim,144.68833,-40.68222,94,1991,2020
Capellino,8.95,44.38333,700,1964,1973
CapeShmidte,180.58333,68.9,0,1936,1963
CapeTown,18.6,-33.96667,44,1952,1976
CapeZhelaniya,68.0,77.0,0,1937,1963
CapoBellavista,9.71667,39.93333,138,1989,2011
CapoCaccia,8.16667,40.51667,204,1989,2013
Captieux,359.71667,44.18333,38,1980,1986
CaracasLaCarlotta,293.11667,10.5,835,1964,1998
CaracasMaiquetia,293.01667,10.6,43,1964,2007
Carcassonne,2.31667,43.21667,130,1980,2021
Cardington,359.58333,52.1,29,1972,1978
Caribou,291.98333,46.86667,195,1950,1994
CarnarvonAirp.,113.66667,-24.88333,4,1987,1995
Carpentras,5.05,44.08333,99,1968,2021
CarpentrasBSRN,5.05,44.08333,99,1991,2018
Carrizal,293.08333,9.41667,160,1996,1998
Casablanca,352.33333,33.56667,55,1958,2017
CasaBlanca,277.65,23.16667,50,1962,1995
Casey,110.53333,-66.28333,40,1973,1977
CasteloBranco,352.51667,39.83333,390,1985,2021
Castres,2.3,43.55,232,1993,1993
Catalina,290.28333,-25.21667,2180,1971,1971
CataniaSigonella,14.91667,37.4,24,2011,2015
Cauquenes,287.66667,-35.96667,142,1997,2001
Cawood,358.86667,53.83333,6,1959,1975
Cayenne-Rocheambeau,307.63333,4.83333,5,1974,2021
CenerBSRN,358.39889,42.81611,471,2009,2022
Cervia,12.3,44.21667,6,1989,2015
Chaiten,287.28333,-42.91667,7,1997,2001
Chambery-Aix,5.86667,45.63333,235,2009,2021
Chamdo,97.16667,31.15,3306,1961,2000
Chanaral,289.38333,-26.33333,9,1971,1973
Changchun,125.21667,43.9,237,1959,2000
Changning,112.4,26.41667,117,1992,2000
Changsha,112.91667,28.21667,68,1987,2000
Changsha1961-1987,113.1,28.21667,0,1961,1987
Chaoyang,120.45,41.55,169,1963,2000
Charleroi,4.45,50.41667,150,1973,1975
Charleston,279.96667,32.9,21,1950,1976
Charleville-Mezieres,4.63333,49.76667,149,2009,2021
Charlottetown,296.86667,46.28333,48,1971,1997
Chartres,1.5,48.45,155,2009,2021
Chateaudun,1.36667,48.05,126,2010,2021
ChateaurouxDeols,1.73333,46.86667,158,2009,2021
ChatillonSeine,4.56667,47.83333,262,2013,2021
Chemnitz,12.86667,50.8,418,1991,1998
Chengdu,104.01667,30.66667,506,1961,2003
CherniVrah,23.25,42.58333,2286,1964,1995
ChesapeakeBSRN,284.28694,36.905,37,2000,2016
ChesapeakeLighthouseBSRN,284.28333,36.9,12,2000,2005
Chetyrekh-StolbovoiIs.,162.4,70.63333,6,1951,1994
Chiangmai,98.98333,18.78333,313,1966,1973
Chichijima,142.18333,27.08333,4,1969,2021
Chicualacuala,31.68333,-22.08333,452,1966,1976
Chihuahua,253.91667,28.63333,1430,1967,1976
Chimoio,33.46667,-19.11667,731,1963,2008
"ChinaLake,Inyokern",242.31667,35.68333,681,1950,1969
Chirpan,25.33333,42.2,175,1983,1999
Chita,113.33333,52.01667,671,1964,2013
Chittagong,91.81667,22.35,35,1966,1971
Chokwe,33.0,-24.53333,33,1964,1998
Cholet,359.13333,47.06667,134,2013,2016
Chongqing,106.46667,29.58333,260,1988,2000
Chongqing1961-1987,106.43333,29.85,0,1961,1987
Choshi,140.85,35.73333,20,1972,2002
ChristchurchAirp.,172.53333,-43.48333,34,1965,1991
ChristmasIs.,105.68333,-10.45,262,1996,1997
Churanov,13.61667,49.06667,1122,1986,2021
ChurchFenton,358.8,53.83333,9,1964,1967
Churchill,265.93333,58.75,35,1960,1998
Churchill12landsitemultiplereflectionstudy,301.21667,58.75,14,1982,1985
Churchill13seasitemultiplereflectionstudy,266.18333,58.78333,0,1982,1985
"Cimone,M.",10.7,44.2,2173,1964,2015
CiudadBolivar,296.45,8.15,43,1964,1998
Ciudad-Real,356.08333,38.98333,628,1995,2021
CiudadUniv.,260.81667,19.33333,2268,1967,2021
Cixi,121.16667,30.26667,0,1961,1990
Clermont-Ferrand,3.16667,45.78333,332,1978,2021
Cleveland,278.15,41.4,245,1950,1975
Clones,352.76667,54.18333,86,1982,2017
Cluj-Napoka,23.56667,46.78333,410,1964,2021
Clyde,291.48333,70.48333,26,1988,1997
Cobar,145.81667,-31.48333,221,2012,2013
Coburg,10.95,50.26667,357,1981,1998
CocosIsland,96.83333,-12.2,6,2004,2021
CocosIslandBSRN,96.835,-12.19306,2,2004,2020
Cognac,359.68417,45.665,31,2011,2021
Coimbra,351.58333,40.2,141,1964,2011
CoimbraArpt,351.53333,40.15,170,2005,2021
Collipulli,287.56667,-37.95,250,1971,1973
Colmar,7.4,47.91667,211,1991,2021
ColombierLejeune,4.66667,45.01667,566,1994,1994
Colombo,79.86667,6.9,7,1964,2003
Colorado,288.73333,-35.65,2000,1971,1972
Columbia,267.78333,38.81667,277,1950,2002
Columbus,277.11667,40.0,254,1951,1956
Concepcion,286.93333,-36.76667,13,1971,2009
ConcordiaStationBSRN,123.36833,-75.1,3233,2006,2021
Constanta,28.63333,44.21667,13,1964,2006
ConventoViejo,288.9,-34.75,312,1971,1971
Copiapo,289.6,-27.28333,290,1971,2020
CoralHarbour,276.63333,64.2,59,1970,1998
CordobaAirport,355.15,37.83333,91,2005,2021
Coro,290.31667,11.41667,16,1964,1998
Corvallis,236.78333,44.55,72,1957,1964
Corvatsch,9.81667,46.41667,3315,1981,2021
Corvo,328.88333,39.66667,28,1964,2015
Cosmos,284.41667,-12.15,4600,1983,1983
CoyaSur,290.35,-22.43333,1490,1966,1969
Coyhaique,287.88333,-45.58333,310,1989,2020
CozzoSpadaro,15.13333,36.68333,46,1989,2015
Craiova,23.86667,44.23333,192,1971,2021
Crawley,359.78333,51.08333,144,1981,1992
Creil,2.51667,49.25,88,2009,2021
Crotone,17.06667,39.0,158,1964,1989
CrownPointAirport,299.16667,11.15,3,1988,1997
"CrownPointarpt,Tobago",299.16667,11.15,15,1988,1997
Cumana,295.81667,10.45,2,1984,1998
Curico,288.76667,-34.96667,228,1997,2007
Cusco,288.01667,-13.55,3248,1983,1988
Dacca,90.38333,23.76667,8,1967,1971
DakarYoff,342.5,14.73333,27,1964,1991
Dalanzadgad,104.41667,43.58333,1469,1964,2021
Dalian,121.63333,38.9,92,1963,2000
DarelBeida,3.25,36.71667,25,1970,1975
DaresSalaam,39.2,-6.88333,55,1964,1976
Dartmouth,296.53333,44.6,31,1960,1962
DarwinAirport,130.88333,-12.41667,31,1994,2020
DarwinAirportold,130.86667,-12.4,31,1953,2001
DarwinBSRN,130.89111,-12.425,30,2002,2014
DarwinMetOfficeBSRN,130.8925,-12.42389,32,2008,2020
Datong,113.33333,40.1,1067,1961,2000
"Davis,Sacramento",238.25,38.53333,15,1950,1969
Davos,9.81667,46.8,1592,1988,2021
Davos-Dorf,9.85,46.81667,1590,1978,2007
Davos-Platz,9.81667,46.8,1580,1935,1977
Dax,358.93333,43.68333,31,2011,2021
DeAarBSRN,24.0,-30.66667,0,2000,2020
DeadSea,35.25,31.68333,-392,1960,1963
DeBelas,13.16667,-8.91667,53,1978,1978
DeBilt,5.18333,52.1,40,1964,2015
Debrecen,21.63333,47.5,123,1964,1986
Decimomannu,8.96667,39.35,29,2011,2013
DeKooy,4.78333,52.91667,0,1978,2015
Denpasar,115.21667,-8.66667,6,1970,1973
DesertRockBSRN,243.98194,36.62611,1007,1998,2020
DesertRockSURFRAD,243.98333,36.61667,1007,1998,2008
DicksonIs.,80.4,73.5,47,1938,1995
Diego-Suarez,49.3,-12.35,105,1988,1993
Dijon,5.08333,47.26667,222,1976,2021
Dili,125.58333,-8.58333,4,1964,1974
Dinard,357.93333,48.58333,65,2011,2021
Diyarbakir,40.2,37.91667,667,1983,1983
Djakarta,106.83333,-6.18333,25,1970,1973
Djibouti,43.15,11.6,3,1973,1979
Dobbiaco,12.21667,46.73333,1222,1989,2010
DodgeCity,260.03333,37.76667,791,1951,2002
Dodoma,35.76667,-6.16667,1119,1965,1976
Dongola,30.48333,19.16667,225,1973,1992
Dongsheng,109.98333,39.83333,1460,1992,2000
Dori,359.95,14.03333,276,1971,1990
Douala,9.71667,4.01667,28,1960,1963
DoumaDamascus,36.38333,33.56667,679,1964,1967
Dresden-Klotzsche,13.75,51.13333,226,1999,2021
DresdenWahnsdorf,13.68333,51.11667,271,1964,1996
DubaiInt.Arpt,55.33333,25.25,8,1985,2007
DublinAirport,353.75,53.43333,85,1976,2021
"DublinCitydatasource:Murphy,T.",353.66667,52.33333,20,1975,1987
DumDumCalcutta,88.45,22.65,4,1964,2021
Dumontd'Urville,140.01667,-66.66667,43,1973,1987
DundeeMylnefield,356.93333,56.45,30,1968,1991
Dundo,20.81667,-7.4,775,1957,1987
Dunhuang,94.68333,40.15,1139,1957,2000
Dunstaffnage,354.56667,56.46667,3,1970,2017
Durban,30.95,-29.96667,8,1952,1976
EasternNorthAtlanticBSRN,331.9708,39.0911,15,2013,2016
Easthampstead,359.21667,51.38333,73,1965,1975
EastHarling,0.91667,52.45,21,1969,1974
EastLansing,275.53333,42.75,268,1950,1969
EastMalling,0.45,51.28333,37,1964,1975
EastWareham,289.33333,41.76667,15,1950,1956
Edinburgh,356.93333,56.45,30,1982,2017
EdmontonStonyPlain,245.9,53.55,767,1950,2000
Eelde,6.58333,53.13333,4,1978,2015
Efford,358.43333,50.73333,16,1958,1975
EgbertCare,280.21667,44.23333,0,1988,1999
Ejina,101.06667,41.95,940,1992,2000
Ekaterinburg,60.63333,56.8,237,1964,2021
El0livar,288.51667,-33.03333,120,1966,1973
ElArish,33.75,31.11667,17,1986,2009
ElbaMonteCalamita,10.4,42.73333,396,1991,1999
ElBosque,289.31667,-33.56667,580,1971,1972
ElCentro,244.33333,32.8,4,1963,1969
Eldoret,35.28333,0.53333,2120,1973,2006
ElFasher,25.33333,13.61667,733,1957,1992
ElizabethCityStateUniv.,283.75,38.3,4,1985,2012
El-Kharga,30.53333,25.45,78,1971,2017
EloraResearchStn.,279.58333,43.65,376,1970,1998
ElPaso,253.6,31.8,1205,1950,1994
ElPuyo,282.05,-1.5,950,1965,1967
ElShowak,35.85,14.21667,510,1977,1988
ElTatio,291.95,-22.35,4320,1971,1972
ElTololo,289.3,-30.16667,2154,2004,2021
El-Vigia,288.35,8.63333,103,1996,1998
ElYeso,289.71667,-32.68333,2475,1971,1972
ElyYelland,245.15,39.28333,1907,1950,2000
Embrun,6.5,44.56667,871,1980,2021
Emeishan,103.33333,29.51667,3047,1961,2000
Entebbe,32.61667,0.05,1155,1964,1978
Epinal,6.45,48.2,317,2013,2013
Erlianhaote,111.96667,43.65,965,1957,2000
Eskdalemuir,356.8,55.31667,242,1956,2017
Esperance,121.88333,-33.81667,25,1987,1995
Eureka,274.06667,79.98333,10,1964,1998
EurekaBSRN,274.05972,79.98889,85,2007,2011
Evangelistas,284.91667,-52.4,58,1973,1973
Evora,352.1,38.56667,309,1964,2021
Evreux-Huest,1.21667,49.01667,138,2011,2017
FadaN'Gourma,0.35,12.06667,308,1971,1990
Fahud,56.48333,22.35,170,1988,1991
Fairbanks,212.13333,64.81667,138,1943,1998
Fairfield,357.11667,53.8,24,1959,1975
FalconaraMarittima,13.36667,43.61667,10,1985,1988
FaradayVernadsky,295.7,-65.3,5,1964,1992
Farafra,27.96667,27.05,82,2009,2010
Faro-Airpt.,352.03333,37.01667,8,1964,2021
"FazendaBoaSorte,Marabo",311.25,-5.16667,170,1991,1993
"FazendaDimona,Manaus",300.05,-2.31667,80,1990,1993
"FazendaNossaSenhoradaAparecida,Ji-Parana",297.63333,-10.75,220,1991,1993
FedorovObservatory,104.28333,77.71667,13,1937,1996
Feldkirch,9.6,47.26667,439,1965,1968
Fengcheng,124.13333,40.46667,0,1961,1990
Feuerkogel,13.73333,47.81667,1598,1965,1989
Fichtelberg,12.95,50.43333,1214,1964,1998
FiladelfiaAthen,23.66667,38.05,138,1977,1993
Finningley,359.0,53.48333,17,1984,1995
FlamingGorge,250.58333,40.93333,1912,1959,1969
FloresArpt,328.86667,39.45,29,2006,2015
FlorianopolisBSRN,311.51667,-27.46667,11,1994,2021
ForrestAirp.,128.1,-30.83333,156,1969,1988
Fort-De-Francedesaix,298.95,14.61667,143,2013,2016
FortLamy,15.03333,12.13333,297,1957,1963
FortNelson,237.4,58.83333,378,1971,1998
FortPeck,254.9,48.31,634,1997,2021
FortPeckBSRN,254.9,48.31667,634,1995,2020
FortPeckSURFRAD,254.8,48.51667,634,1995,2013
FortSimpson,238.65,61.86667,129,1954,1965
FortSmith,248.06667,60.03333,203,1971,1998
FortSmithAirpt.,248.03333,60.01667,205,1993,1998
FortWorth,262.95,32.83333,175,1950,1974
Fredericton,293.38333,45.91667,40,1960,1999
Freiburg,7.85,48.0,269,1973,1998
Fresno,240.28333,36.76667,101,1950,1994
FrobisherBayIqaluit,291.45,63.75,21,1973,1987
FuerteventuraAirport,346.15,28.45,29,2004,2021
Fukue,128.83333,32.7,25,1962,1972
Fukui,136.21667,36.05,9,1973,2002
Fukuoka,130.38333,33.58333,3,1959,2021
FukuokaBSRN,130.37639,33.58222,3,2010,2022
Fukushima,140.46667,37.76667,67,1961,2008
Funchal,343.1,32.63333,58,1957,2021
Fussach,9.66667,47.48333,400,1964,1964
Fuyu,124.48333,47.8,162,1993,2000
Fuzhou,119.28333,26.08333,0,1961,2000
Gainesville,277.65,29.65,59,1950,1969
Galati,28.01667,45.5,71,1970,2021
Gan,73.15,-0.68333,2,1967,1975
Gandajika,23.95,-6.75,780,1958,1960
Gangcha,100.13333,37.33333,3302,1993,2000
Ganzhou,114.95,25.85,123,1961,2000
Ganzi,100.0,31.61667,3394,1994,2000
Gaoua,356.81667,10.33333,333,1971,1980
Garissa,39.63333,-0.46667,138,1964,1994
Garston,359.61667,51.7,77,1957,1975
Gaviotas,289.08333,4.55,165,1988,1997
Gaya,3.45,11.88333,203,1980,1980
Gd-St.-Bernard,7.17056,45.86861,2472,1981,2007
Gdynia,18.6,54.51667,13,1964,1978
Geer,80.08333,32.5,0,1971,2000
Geisenheim,7.95,49.98333,131,1976,1998
Gela,14.21667,37.08333,33,1965,1997
Gelsenkirchen,7.08333,51.5,63,1973,1991
Geneve,6.13333,46.25,416,1988,2007
Geneve-Cointrin,6.12333,46.24444,420,1981,2021
GenovaSestri,8.85,44.41667,3,1964,1989
GenovaUniversity,8.93333,44.41667,55,1964,1973
GeorgvonNeumayerBSRN,351.75,-70.65,42,1992,2004
GeorgvonNeumayerStationBSRN,351.75,-70.65,42,1992,2021
GeraldtonAirp.,114.7,-28.78333,37,1968,2021
GeronaAirport,2.75,41.9,127,2003,2021
GhazalaGawazat,26.45,11.46667,481,1964,1986
Giessen,8.7,50.58333,201,1981,1998
Gilat,34.66667,31.33333,150,1960,1964
GillotSaintDenis,55.51667,-20.88333,21,1973,2021
Giza,31.21667,30.05,21,1964,1968
Gladstone,151.26667,-23.85,75,1964,1966
Glasgow,253.38333,48.21667,700,1950,1998
GlenlittaAve,144.95,-37.7,108,1997,2004
GoaPanjim,73.81667,15.48333,55,1964,2021
GobabebBSRN,15.04194,-23.56139,0,2012,2022
Goeteborg,12.0,57.7,5,1988,2021
Golmud,94.9,36.41667,2808,1957,2000
Goma,29.23333,-1.66333,1555,1982,1984
Gonneville,358.55,49.65,134,2012,2021
GoodwinCreek,270.13333,34.25,98,1997,2021
GoodwinCreekBSRN,270.13333,34.25,98,1995,2020
Goose,299.58333,53.31667,46,1960,1998
GoughIsland,350.1196,-40.35,54,1969,1975
Gourdon,1.38333,44.73333,260,2016,2021
GraciosaArpt,331.96667,39.1,25,2013,2019
Granada,356.36667,37.13333,687,2001,2021
"Granby,GrandLake",254.15,40.23333,2542,1950,1958
GrandJunctionWalkerField,251.46667,39.11667,1481,1951,2000
Graz,15.45,46.98333,342,1964,2021
Grazzanise,14.06667,41.05,9,1989,2014
GreatFalls,248.63333,47.48333,1118,1950,1994
Greensboro,280.05,36.08333,270,1951,1975
GrenadaAirport,356.21667,37.18333,573,2003,2020
GrendonUnderwood,358.98333,51.9,70,1964,1975
Grenoble-StGeoirs,5.3,45.35,384,2009,2021
Griffin,275.58333,33.23333,305,1950,1966
Griffith,146.05,-34.28333,131,1968,1980
Grimsel-Hospiz,8.33306,46.57139,1980,1989,2007
Grootfontein,25.03333,-31.48333,1271,1968,1976
Grossenzersdorf,16.56667,48.2,153,1984,2021
Grosseto,11.06667,42.75,7,2011,2013
Gruenow,13.93333,53.31667,55,1991,1991
Guam,144.83333,13.55,112,1978,1994
Guanare,290.26667,9.01667,163,1996,1998
Guangzhou,113.31667,23.13333,7,1961,2016
Guasdualito,289.2,7.23333,130,1996,1998
Guayacan,289.63333,-33.65,1060,1971,1973
Guelph,279.76667,43.51667,334,1960,1998
GueretStLaurent,1.95,46.16667,365,2012,2021
GuetschobAndermatt,8.61611,46.65333,2287,1981,2007
GuildfordPerthAirport,115.95,-31.93333,17,1953,1961
Guilin,110.3,25.31667,194,1961,2000
Guiria,297.68333,10.58333,13,1964,1998
Guiyang,106.71667,26.58333,1074,1961,2000
Gulu,32.33333,2.75,1104,1964,1976
Guoluo,100.25,34.46667,3719,1993,2000
Gura-Portitei,29.0,44.68333,2,2006,2021
Gurteen,351.91667,53.03333,76,2014,2021
Gurue,36.98333,-15.46667,734,1970,2003
Gushi,115.66667,32.16667,57,1961,2000
Guyuan,106.26667,36.0,1753,1985,2000
Hachijojima,139.78333,33.11667,151,1971,2002
Hachinohe,141.51667,40.53333,27,1973,2002
Haeju,125.7,38.03333,79,1965,1993
Haikou,110.35,20.03333,14,1961,2000
Hailaer,119.75,49.21667,610,1960,2000
Hailiutu,108.51667,41.56667,1288,1992,2000
Hakodate,140.75,41.81667,35,1961,2008
Halifax,296.41667,44.65,70,1964,1997
HallBeach,278.75,68.78333,7,1970,1998
HalleSaale,11.95,51.51667,96,1991,1998
Halley,333.1,-75.5,20,1986,1991
HalleyBay,333.3,-75.51667,28,1964,1968
HallsCreekAirport,127.65,-18.21667,410,1969,1991
Hamada,132.06667,34.9,19,1961,2002
Hamburg,10.11667,53.65,49,1949,2010
HamburgUV-B,10.0,53.63333,14,1964,2021
Hami,93.51667,42.81667,737,1961,2000
Hangzhou,120.16667,30.23333,42,1961,2000
Hanoi,105.85,21.03333,5,1990,2001
HarareBelvedere,31.01667,-17.83333,1472,1977,2005
Harbin,126.76667,45.75,142,1961,2016
Harzgerode,11.13333,51.65,404,1991,1998
Hatteras,284.45,35.26667,8,1950,2002
Havana,277.65,23.15,50,1964,1995
Hefei,117.23333,31.86667,28,1961,2000
Heihe,127.45,50.25,166,1961,2000
Heiligendamm,11.85,54.15,21,1964,1997
Helsinki-Airport,24.96667,60.31667,53,1971,2017
Helsinki-Ilmala,24.91667,60.2,45,1957,1991
Helsinki-Kaisaniemi,24.95,60.16667,9,1971,1980
Hemsby,1.68333,52.68333,13,1984,2000
Hidango,288.25,-34.1,296,1997,2003
Hikone,136.25,35.28333,87,1961,2008
Hilo,204.93333,19.71667,12,1961,1962
Hirado,129.55,33.36667,58,1961,1969
Hiroshima,132.46667,34.4,4,1961,2008
Hita,130.93333,33.31667,83,1961,1969
Hitoyoshi,130.75,32.21667,146,1962,1969
Ho,0.46667,6.66667,158,1964,1973
HobartAirport,147.5,-42.83333,4,1967,1993
Hoburg,18.15,56.91667,34,2013,2021
Hoddesdon,0.0,51.78333,47,1964,1975
Hohenpeissenberg,11.01667,47.8,990,1953,2021
Hohhot,111.68333,40.81667,0,1959,1968
HondarribiaArpt,358.21278,43.36056,4,2004,2020
Hondo,260.83333,29.35,285,1975,1976
Hongjia,121.41667,28.45,1,1992,2000
HongKong,114.16667,22.31667,65,1969,2005
Hongyuan,102.38333,32.8,5,1994,2000
Honolulu,202.08333,21.33333,5,1950,1980
HortaObservatory,331.36667,38.51667,60,2006,2020
Hotan,79.93333,37.13333,1375,1957,2000
Houma,111.36667,35.65,434,1961,2000
HradecKralove,15.85,50.25,241,1953,2021
Huancayo,284.66667,-12.11667,3380,1964,1983
Huayao,284.68333,-12.03333,3313,1986,1986
Hudeiba,33.93333,17.56667,350,1974,1992
Huelva,353.08333,37.28333,19,1996,2021
Huilo-Huilo,288.0,-39.81667,720,1969,1973
Hurbanovo,18.18333,47.86667,115,1981,2021
Hurguada,33.73333,27.28333,7,2007,2010
Husbands,300.4,13.1,42,1971,2021
HyeresIleLevant,6.46667,43.03333,133,1977,1991
Iasi,27.63333,47.16667,90,1964,2021
Ibadan,3.83333,7.43333,213,1977,1977
Ibiza,1.36667,38.86667,10,1996,2021
Ifrane,354.88333,33.51667,1635,1958,1958
Iida,137.81667,35.51667,516,1961,1967
Iizuka,130.7,33.65,37,1961,1969
Iled'Yeu,357.66667,46.7,32,1988,1991
IlorinBSRN,4.56667,8.53333,350,1992,2004
Indianapolis,273.71667,39.73333,246,1950,2000
Inhambane,35.38333,-23.86667,14,1964,2007
InnsbruckAirpt.,11.35,47.25,579,1969,2021
InnsbruckUniv.,11.4,47.26667,582,1969,1993
Inongo,18.26667,-1.96667,300,1979,1989
Inukjuak,281.88333,58.45,5,1972,1998
Inuvik,226.46667,68.31667,103,1960,1998
Invercargill,168.31667,-46.41667,2,1965,1991
Iqaluit,291.45,63.75,20,1973,1998
Iquique,289.85,-20.21667,8,1966,1973
Iringa,35.75,-7.66667,1426,1964,1976
Irkutsk,104.35,52.26667,467,1964,2021
Isachsen,256.46667,78.78333,25,1970,1998
IsfjordRadio,13.63333,78.06667,7,1951,1964
Ishigakijima,124.16667,24.33333,6,1964,2021
IshigakijimaBSRN,124.16444,24.33667,0,2010,2022
Islamabad,73.1,33.61667,507,1990,2003
IstanbulGebze,29.43333,40.8,130,1983,1985
Ithaca,283.5,42.43333,180,1950,1969
IzanaBSRN,343.50083,28.30917,2373,2009,2022
Izanza,343.5,28.3,2400,2005,2021
Izmir,27.06667,38.43333,25,1983,1983
Izobamba,281.45,-0.36667,3058,1964,1967
Izuhara,129.3,34.2,4,1961,2008
Jerez,353.93333,36.73333,27,2003,2021
JerseyIs.Airport,357.8,49.21667,84,1968,1999
Jerusalem,35.21667,31.78333,809,1953,1967
Jiamusi,130.28333,46.76667,81,1961,2000
Jianou,118.31667,27.05,0,1992,2000
Jinan,116.98333,36.68333,52,1961,2000
Jinghong,100.8,22.0,0,1961,2000
Jining,116.58333,35.45,0,1963,1990
Jinja,33.18333,0.45,1175,1966,1978
Jishou,109.73333,28.31667,207,1992,2000
Jiuquan,98.48333,39.76667,1477,1993,2000
Jodhpur,73.01667,26.3,217,1964,2021
Johnston,190.48333,16.73333,3,1975,1976
JohnstownCastle,353.5,52.3,62,2014,2021
Jokioinen,23.5,60.81667,104,1957,2017
Juba,31.6,4.86667,460,1957,1990
Jungfraujoch,7.96667,46.55,3576,1981,2021
Jyvaskyla-Airpt.,25.68333,62.4,141,1991,2017
Kadugli,29.71667,11.0,501,1973,1992
Kagoshima,130.55,31.56667,4,1961,2021
KaitaiaObs.,173.26667,-35.13333,86,1990,1991
Kalemie,29.18333,-5.88333,790,1957,1965
KalgoorlieAirp.,121.45,-30.76667,360,1979,2021
Kamina-Base,25.25,-8.63333,1120,1958,1960
KampalaKibera,32.61667,0.31667,1144,1959,1976
Kananga,22.41667,-5.88333,654,1957,1989
Kangnung,128.9,37.75,26,1986,2021
Kapuskasing,277.53333,49.41667,229,1960,1967
KarachiAirpt.,67.13333,24.9,22,1966,1995
Karasjok,25.51667,69.35,129,1951,1965
Karlstad,13.46667,59.36667,46,1983,2021
Kasama,31.13333,-10.21667,1384,1987,1991
Kasese,30.1,0.18333,959,1964,1978
Kashgar,75.98333,39.46667,1289,1957,2000
Kasprowy,19.98333,49.23333,1991,1964,1978
Kassel,9.45,51.3,237,1979,1998
Kaunas,23.88333,54.88333,73,1964,1993
Kayes,348.56667,14.43333,47,1980,1980
Kecskemet,19.76667,46.9,113,1964,1980
Kedougou,347.78333,12.56667,178,1982,1990
Keetmanshoop,18.11667,-26.56667,1064,1956,1976
Keflavik,337.41667,64.01667,10,1951,1953
Kekesteto,20.01667,47.86667,989,1964,1965
Kelibia,11.08333,36.85,30,2008,2008
Kensington,151.21667,-33.91667,500,1981,1982
Kentville,295.51667,45.06667,49,1960,1998
KeszthelyKec,17.23333,46.76667,128,1964,1965
Kew,359.68333,51.46667,5,1951,1980
Khabarovsk,135.16667,48.51667,87,1964,1996
KharaboDamascus,36.46667,33.5,620,1971,1974
Khartoum,32.55,15.6,380,1957,1963
Khormaksar,45.03333,12.81667,3,1964,1967
Khuzdar,66.63333,27.83333,1231,1996,2004
Kiev,30.45,50.4,121,1964,2021
Kiev-Borispol,30.96667,50.33333,121,1999,2003
Kigoma,29.63333,-4.88333,882,1970,1976
Kilimanjaro,37.06667,-3.41667,891,1971,1976
Kilkenny,352.73333,52.66667,64,1969,2009
Kimberley,24.76667,-28.8,1197,1954,1968
Kindu,25.91667,-2.95,515,1958,1983
KingEdwardPoint,323.5,-54.28333,3,1973,1981
King'sParkHongKong,114.16667,22.31667,66,1984,2021
KinshasaBinza,15.25,-4.36667,445,1954,1989
Kiruna,20.23333,67.85,505,1952,2010
Kisangani,25.18333,0.51667,415,1954,1978
KishinevChisinau,28.81667,47.0,205,2003,2021
Kisumu,34.75,-0.1,1157,1967,1993
KisvardaKapa,22.11667,48.23333,114,1964,1965
Kitale,35.0,1.01667,1890,1966,1993
Kitamiesashi,142.58333,44.93333,7,1974,2002
Kiyaka-Plateau,18.95,-5.26667,735,1959,1960
Klagenfurt,14.33333,46.65,452,1964,2021
KnobLake,293.18333,54.8,513,1960,1965
KobauMt.Obs.,240.31667,49.11667,1862,1968,1980
Kobe,135.21667,34.7,5,1961,1973
Kochi,133.55,33.56667,1,1961,2008
Kodaikanal,77.46667,10.23333,2339,1964,2021
Kofu,138.55,35.66667,273,1973,2002
KohSichang,100.8,13.16667,25,1998,1998
Kolobrzeg,15.58333,54.18333,16,1964,2018
Kone,164.8362,-21.0513,7,2019,2021
KoningBoudewijnBaseRoiBaudouin,24.31667,-70.43333,39,1960,1966
Konstanz,9.18333,47.68333,450,1977,1993
Kopaonik,20.8,43.28333,1711,1981,1991
Koper,13.71667,45.55,33,1964,1974
Kosetice,15.08333,49.58333,534,1996,2021
Koszalin,16.15,54.2,33,2018,2021
KotaBahru,102.28333,6.16667,5,1975,2009
KotaKinabalu,116.05,5.93333,3,1989,2007
KotelnyIs.,137.9,76.0,11,1955,1994
Koumac,164.28333,-20.56667,18,1980,2021
Kourou,307.26667,5.2,12,2009,2012
KrenkelObservatory,58.05,80.61667,21,1958,1995
Krippenstein,13.68333,47.53333,2064,1964,1964
Krizevci,16.55,46.03333,155,1964,1971
Ksara,35.9,33.8,927,1957,1959
KualaLumpurSub.,101.55,3.11667,17,1973,2009
Kucharovice,16.08333,48.88333,334,1986,2021
Kuching,110.33333,1.48333,27,1987,2009
Kuibyshew,50.45,53.25,137,1964,1991
Kumagaya,139.38333,36.15,30,1961,1967
Kumamoto,130.7,32.81667,38,1961,2008
Kumasi,358.4,6.71667,283,1964,1989
Kunming,102.68333,25.01667,1891,1961,2016
Kupang,123.6,-10.15,20,1972,1972
Kuqa,82.9,41.8,0,1957,1990
Kurdjali,25.36667,41.65,240,1964,1977
Kutchan,140.75,42.9,176,1961,1973
KuujjuaqFortChimo,291.58333,58.1,36,1973,1998
KwajaleinBSRN,167.73333,8.71667,10,1992,2017
Kyongsong,129.68333,41.68333,8,1965,1993
Kyoto,135.73333,35.01667,41,1961,1973
LaCanada,288.35,10.51667,26,1996,1998
LaChaux-de-Fonds,6.79694,47.08556,1018,1981,2007
LaClementina,280.65,-1.66667,20,1966,1967
LaCoruna,351.58333,43.36667,58,1995,2021
LaCorunaAirport,351.63333,43.3,97,2004,2020
LaDesiradeMeteo,299.0,16.33333,27,2013,2021
LaDole,6.1,46.43333,1670,1981,2021
LagoChapo,287.56667,-41.43333,247,1969,1973
LagoLaje,288.63333,-37.36667,1375,1969,1973
LaGrandeIV,286.33333,53.75,306,1988,2000
LagunInvernada,289.55,-35.73333,1325,1969,1973
LahoreCity,74.33333,31.55,214,1967,2007
LakeCharles,266.78333,30.11667,4,1950,2002
Lakeland,278.05,28.03333,82,1963,2000
Lamentin,299.0,14.6,3,1974,2021
Lamu,40.9,-2.26667,30,1971,1980
LanderHunt,251.26667,42.81667,1703,1950,1994
LangleyResearchCenterBSRN,283.61278,37.10389,3,2014,2022
Langres,5.33333,47.83333,467,2017,2021
Lanzhou,103.88333,36.05,1517,1959,2010
LaOrchila,293.81667,11.8,3,1964,1980
LaPaloma,288.96667,-30.68333,342,1971,1972
LaPesse,5.83333,46.3,1133,2013,2021
LaQuiacaObs.,294.4,-22.1,3459,2016,2021
LaramieUniversityofWyoming,254.43333,41.3,2208,1958,1969
LaRochelle,358.85,46.15,4,1972,2021
LaRoche-Sur-Yon,358.61667,46.7,91,1985,2021
LaSerena,288.75,-29.9,32,1971,1980
LasMelozes,289.8,-33.9,1527,1971,1973
LasPalmasAirport,344.8,27.93333,24,2004,2021
LasVegasMcCarran,244.83333,36.08333,662,1950,1980
Lauder,169.68401,-45.038,370,1999,2005
LauderBSRN,169.68333,-45.05,350,1999,2020
LaUnion,272.11667,13.33333,95,1974,1979
Lautaro,289.98333,-27.96667,1200,1971,1973
Laval,359.26667,48.03333,96,2011,2021
Laverton,144.73333,-37.85,16,1968,1993
LearmonthAirport,114.08333,-22.23333,6,1986,2020
LeLuc,6.38333,43.36667,80,2011,2021
LeMans,0.18333,47.93333,48,2010,2021
Lembang,107.61667,-6.83333,1310,1970,1972
Leon,354.35,42.58333,914,1997,2021
LePort,55.28333,-20.95,9,2017,2021
LePuy-Loudes,3.75,45.06667,833,2011,2021
Lerida,0.58333,41.61667,201,1996,2021
Lerwick,358.81667,60.13333,82,1952,2017
LerwickBSRN,358.81528,60.13889,80,2001,2017
"LesAvants,Montreux",6.94444,46.45556,988,1933,1947
Leshan,103.75,29.5,0,1973,1990
Lethbridge,247.2,49.63333,929,1960,1998
LeTouquet,1.61667,50.51667,5,2016,2021
Lexington,275.4,38.03333,301,1951,1969
Lhasa,91.13333,29.66667,3649,1961,2000
Lichinga,35.25,-13.28333,1365,1965,2008
Liepaja,21.02,56.48,4,2007,2021
Lijiang,100.21667,26.86667,2393,1961,2000
Lille-Lesquin,3.08333,50.56667,47,2011,2018
Limoges,1.28333,45.81667,282,1967,2021
Lincoln,263.3,40.81667,401,1950,1959
Lindenberg,14.11667,52.21667,98,1991,2021
LindenbergBSRN,14.11667,52.21667,125,1994,2020
Linguere,344.88333,15.38333,20,1983,1991
Lisboa,350.85,38.71667,77,1964,2013
LisboaInst.Geofis.,350.85,38.71667,77,1964,2013
List,8.41667,55.01667,33,1972,1998
LittleRock,267.76667,34.73333,81,1951,1976
Livingstone,25.81667,-17.81667,986,1987,1991
LjubljanaBezigrad,14.51667,46.06667,299,1964,1991
Lleida,0.6,41.61667,201,1997,2007
Lliu-Lliu,288.6,-33.1,1000,1966,1966
Locarno-Monti,8.78333,46.16667,380,1938,2021
Lodwar,35.61667,3.11667,506,1965,2007
Logrono,357.6,42.46667,364,1981,2007
Logrono-Agoncillo,357.66667,42.45,353,1995,2021
LondonWeatherC.,359.88333,51.51667,77,1958,2006
LongreachAirp.,144.26667,-23.43333,191,1968,2013
Lonquimay,288.75,-38.43333,900,1973,1973
Lorient-Lannbihoue,356.56667,47.75,45,2010,2021
LosAngeles,241.6,33.93333,32,1951,2001
LosAngelesUniversity,241.55,34.06667,40,1951,1969
LosMolles,289.58333,-30.75,2620,1966,1971
LosRodeos,343.68333,28.46667,670,2007,2021
Louga,343.78333,15.61667,38,1980,1991
Luanda,13.21667,-8.81667,44,1957,1987
Lubumbashi,27.41667,-11.65,1260,1954,1975
Luedenscheid,7.63333,51.21667,465,1987,1998
Lugano,8.96028,46.00389,273,1981,2007
Luki-Colline,13.1,-5.61667,350,1959,1959
Lulea,22.13333,65.55,16,1965,2021
Lumbo,40.66667,-15.03333,15,1957,1988
Lund,13.21667,55.71667,73,1988,2021
LunzamSee,15.06667,47.85,615,1964,1968
Luohe,109.05,32.71667,0,1961,1990
Luonetjarvi,25.65,62.4,140,1958,1980
LusakaCity,28.31667,-15.41667,1283,1963,1998
Lushan,115.98333,29.58333,0,1961,1990
LusLaCroixhaute,5.7,44.66667,1059,2013,2016
Luso,19.91667,-11.78333,1328,1957,1974
Luxeuil,6.35,47.78333,271,2016,2021
Luzern,8.30056,47.03639,454,1981,2007
Luzhou,105.43333,28.83333,335,1984,2000
Lvsi,121.6,32.06667,6,1992,2000
Lvxian,118.83333,35.58333,107,1990,2000
Lwiro,28.13333,-2.05,1680,1957,1959
Lynn,289.05,42.48333,10,1950,1952
Lyon-Bron,4.93333,45.71667,197,2009,2021
Maastricht,5.78333,50.91667,114,1978,2015
Macau,113.55,22.2,57,1964,2021
MacguarieIs.,158.96667,-54.48333,6,1968,1993
Macon,4.8,46.3,218,1969,2021
Madison,270.66667,43.13333,263,1950,2006
Madras,80.18333,13.0,10,1957,2021
MadridBarajasAirport,356.45,40.45,582,2005,2020
Madrid-Universitaet,356.28333,40.45,664,1981,2021
Maebashi,139.06667,36.4,112,1971,2002
Maizuru,135.31667,35.45,2,1961,2008
MajuroAtoll,171.38333,7.08333,5,1975,1976
Makurazaki,130.3,31.26667,30,1961,1967
Malaga,355.51667,36.71667,61,1996,2021
Malakal,31.65,9.55,390,1960,1986
Malange,16.36667,-9.55,1139,1957,1974
Malindi,40.1,-3.23333,20,1967,1990
"MalinHead,C.",352.66667,55.36667,25,1982,2021
Malwi,30.75,27.7,52,1999,2010
ManausCity,299.83333,-3.1,60,1990,1993
Mandera,41.86667,3.95,230,1966,1993
Mangalia,28.58333,43.81667,6,1967,1969
ManhattanKansas,263.41667,39.2,347,1958,1969
Maniquenique,33.53333,-24.73333,13,1969,1997
Mannheim,8.55,49.51667,106,1979,1998
Mansa,28.85,-11.1,1259,1987,1997
Maputo,32.6,-25.96667,70,1955,2011
MaputoBenfica,32.56667,-25.91667,37,1975,1988
Maracaibo,288.4,10.65,40,1964,1993
Maracaibo-Chinita,288.26667,10.56667,66,1994,1998
Maracay,292.35,10.25,436,1964,1998
MarcaiboLaChinita,288.26667,10.56667,66,1987,1998
Marignane,5.21667,43.43333,4,1980,2021
MarionIsland,37.86667,-46.88333,22,1954,1975
Maripasoula,305.98333,3.63333,106,2013,2021
Marmul,55.18333,18.13333,269,1988,1991
MarseilleMarignane,5.23333,43.45,6,1980,2010
Masindi,31.71667,1.68333,1146,1964,1978
Masirah,58.9,20.66667,19,1988,1991
Maspalomas,344.05,27.83333,25,2003,2021
Matam,346.75,15.65,15,1983,1991
Matanuska,210.73333,61.56667,46,1954,1969
Matsue,133.06667,35.45,17,1961,1973
Matsumoto,137.96667,36.25,610,1972,2007
Matsuyama,132.78333,33.85,32,1961,2002
Maturin,296.81667,9.75,65,1964,1998
Maun,23.41667,-19.98333,945,1953,1963
MaunaLoaObs.,204.41667,19.53333,3399,1958,1968
Mawson,62.88333,-67.6,15,1956,1976
Mazunga,29.86667,-21.71667,592,1963,1963
Mbandaka,18.26667,0.05,345,1955,1989
Mbarara,30.65,-0.61667,1412,1964,1976
Mbuji-Mayi,23.61667,-6.16667,677,1979,1979
Medenine,10.48333,33.35,117,2008,2008
Medford,237.13333,42.36667,405,1950,1980
MeekatharraAirp.,118.51667,-26.6,522,1987,1995
Melbourne,144.96667,-37.81667,38,1951,1986
MelbourneAirport,144.83333,-37.66667,132,1999,2020
"Mele,C.",8.16667,43.95,221,1964,2003
Melilla,357.05,35.28333,55,1997,2003
Melle,3.83333,50.98333,15,1968,2008
Melun,2.66667,48.6,91,2010,2021
Mende,3.45,44.53333,932,2010,2021
Mendosa,291.15,-32.88333,828,1968,1973
Mene-Grande,289.06667,9.81667,27,1996,1998
Mengzi,103.38333,23.38333,1300,1961,2000
MercuryDesert-Rock,243.98333,36.61667,1007,1979,2021
Merida,288.83333,8.6,1479,1964,1998
Mersa-Matrouh,27.21667,31.33333,38,1981,2010
MesselmiyehAleppo,37.21667,36.33333,620,1971,1979
Messina,15.55,38.2,59,1964,2006
Metz-Nancy-LorraineArpt,6.25,48.98333,260,2018,2021
Meythet,6.1,45.91667,458,2013,2016
Mfuwe,31.93333,-13.26667,568,1987,1991
Miami,279.71667,25.81667,8,1951,1980
Mianyang,104.68333,31.46667,471,1978,2000
Midland,257.81667,31.95,875,1954,2000
Mikolajki,21.58333,53.78333,140,1966,1978
MilanoLinate,9.28333,45.43333,103,1964,2013
MilduraAirp.,142.08333,-34.23333,51,1969,2013
Millau,3.01667,44.11667,715,1967,2021
Minamidaitojima,131.23333,25.83333,15,1961,2008
Minamitorishima,153.96667,24.3,8,1969,2021
MinamitorishimaBSRN,153.98333,24.28833,7,2010,2022
Mindelo,334.98333,16.88333,2,1957,1974
Minqin,103.08333,38.63333,1367,1961,2000
Mirny,93.0,-66.58333,40,1964,1985
MississippiValleyStateUniv.,269.45,35.83333,52,1985,2000
Mito,140.46667,36.38333,30,1961,1968
Miyako,141.96667,39.65,43,1961,2007
Miyakojima,125.28333,24.8,40,1961,2008
Miyakonojo,131.08333,31.73333,154,1961,1969
Miyazaki,131.41667,31.93333,9,1961,2008
Mizuho,44.33333,-70.7,2230,1972,1980
Mocamedes,12.15,-15.2,44,1958,1974
Mocuba,36.98333,-16.83333,134,1970,1985
Modena,10.95,44.65,64,1964,1970
Moenichkirchen,16.05,47.51667,955,1964,1970
Mohe,122.36667,53.46667,0,1993,2000
Mokpo,126.38333,34.78333,53,1986,2021
MombasaAirport,39.61667,-4.03333,57,1964,1993
MomoteBSRN,147.425,-2.05806,6,1996,2013
"Momote,ManusIslandsBSRN",147.71667,-2.1,6,1996,2004
Moncton,295.31667,46.11667,76,1960,1961
Mongu,23.15,-15.25,1053,1987,1989
Montauban,1.36667,44.01667,107,2009,2021
Mont-De-Marsan,359.5,43.91667,62,2009,2021
MonteEstoril,350.6,38.7,31,1964,1966
Montelimar,4.73333,44.58333,73,1994,2021
MonteScuro,16.4,39.33333,1710,1989,2014
MontgomeryDannelly,273.6,32.3,67,1977,1993
Montpellier,3.96667,43.58333,5,1975,2021
Montreal,286.38333,45.5,133,1960,1985
MontrealDorvalInt.Airpt.,286.25,45.46667,31,1964,1998
MoorHouse,357.61667,54.68333,562,1971,1975
Moosonee,279.35,51.26667,10,1957,1995
Morioka,141.16667,39.7,155,1961,2008
Morogoro,37.65,-6.83333,526,1970,1974
Moscow,37.56667,55.75,187,1964,2021
MoscowUniv.,37.5,55.7,192,1971,2021
MouldBay,240.66667,76.23333,15,1965,1998
MountJohn,170.46667,-43.98333,1026,1966,1988
MountKenya,37.3,-0.06667,3678,2002,2006
MountS.Angelo,15.95,41.7,838,2011,2015
Mt.GambierAirpt.,140.78333,-37.73333,65,1968,2006
Mt-St-Vincent,4.46667,46.61667,602,2013,2021
Mtwara,40.18333,-10.35,113,1969,1976
Mudaylif,41.05,19.53333,53,1970,1982
Muguga,36.63333,-1.21667,2096,1965,1973
Multan,71.43333,30.2,123,1964,1994
Murcia,358.83333,38.0,61,1981,2021
Muren,100.16667,49.63333,1288,1964,2021
Muresk,116.68333,-31.73333,173,1968,1972
Murmuntane,290.43333,-18.36667,3280,1966,1972
Muroran,140.98333,42.31667,40,1973,2002
Murotomisaki,134.18333,33.25,19,1961,1973
Musoma,33.8,-1.5,1147,1970,1973
Mwanza,32.91667,-2.46667,1139,1965,1976
Mylnefield,356.93333,56.45,30,1988,2010
Nagano,138.2,36.66667,418,1961,1966
Nagasaki,129.86667,32.73333,27,1961,2008
Nagchu,92.06667,31.48333,4507,1961,2000
Nagoya,136.96667,35.01667,51,1961,2008
NagpurSonegaon,79.05,21.1,308,1964,2021
Naha,127.68333,26.23333,35,1961,2021
Nairobi,36.75,-1.3,1798,1956,1993
NairobiAirport,36.91667,-1.31667,1624,1969,2007
NakhonPhanom,104.33333,17.51667,140,1966,1970
Nakuru,36.06667,-0.26667,1871,1966,1993
Nampula,39.28333,-15.1,441,1965,2005
Namulonge,32.61667,0.53333,1148,1959,1978
NanaimoDepartureBay,236.05,49.21667,8,1959,1987
Nanchang,115.91667,28.6,47,1961,2000
Nanchong,106.08333,30.8,0,1973,1990
Nancy-Essey,6.21667,48.68333,225,1967,2021
Nandi,177.45,-17.75,16,1965,2021
Nanjing,118.8,32.0,9,1961,2000
Nanning,108.35,22.81667,73,1961,2000
Nantes,358.4,47.16667,27,1986,2021
Nanyang,112.58333,33.03333,129,1990,2000
Nanyuki,37.06667,0.01667,1947,1967,1974
Napoli,14.3,40.85,72,1964,1989
NapoliUniversity,14.25,40.85,25,1964,1970
Nara,135.83333,34.7,104,1961,2008
Narok,35.83333,-1.13333,1890,1964,1993
NashvilleMetropolitan,273.31667,36.11667,180,1950,1994
NauruBSRN,166.91667,-0.51667,7,1998,2013
Navacerrada,356.0,40.8,1894,2012,2021
Navrongo,358.91667,10.88333,198,1965,1973
Naze,129.5,28.38333,3,1961,2008
Ndola,28.65,-13.0,1270,1987,1991
Nebeoka,131.65,32.58333,19,1961,1969
Negotin,22.55,44.23333,42,1964,1991
Nekhel,33.73333,29.9,401,2009,2017
Nelspruit,30.98333,-25.43333,671,1973,1976
Nemuro,145.58333,43.33333,26,1961,2010
Neubrandenburg,13.2,53.55,83,1991,1998
Neumayer,351.75,-70.65,40,1982,1992
Neuquen,291.86667,-38.95,270,1967,1972
Nevers-Marzy,3.1,46.98333,175,2017,2021
NewDelhiSafdarjung,77.2,28.58333,212,1957,2021
"Newport,EppleyLab.",288.68333,41.5,15,1950,1969
NewYork,286.03333,40.78333,59,2002,2002
NewYorkCentralPark,285.98333,40.7,57,1950,1975
Niamey,2.16667,13.48333,223,1959,1980
Nice,7.2,43.65,4,1967,2021
Niigata,139.05,37.91667,2,1972,2002
Nimes-Courbessac,4.4,43.85,59,2012,2021
NioroduRip,344.21667,13.73333,18,1988,1991
Niort,359.6,46.3,57,2009,2021
Nitchequon,289.1,53.2,536,1973,1998
NoirmoutierIs,357.66667,47.0,2,1985,1990
Norderney,7.15,53.71667,29,1966,1998
Nordeste,334.85,37.83333,251,2013,2015
Normandin,287.46667,48.85,137,1957,1998
NormanWells,233.2,65.28333,67,1967,1998
Norrkoepping,16.25,58.58333,5,1988,2021
NorthHeadcoordinatesassumed!,260.0,50.0,0,1950,1952
NorthLittlerockArpt,267.76667,34.73333,165,1964,1976
NovaLisboa,15.83333,-12.73333,1700,1968,1974
NoviSad,19.85,45.33333,84,1965,1972
Novolazarevskaya,11.83333,-70.76667,87,1964,1993
Nuernberg,11.08333,49.5,312,1976,1998
NuevaConception,270.71667,14.13333,19,1971,1979
"Ny-Aalesund,Spitsbergen",11.93333,78.91667,12,1981,1987
NyAlesundBSRN,11.9273,78.9227,11,1992,2022
Nyregyhaza,21.73333,48.01667,105,1987,1989
OakRidge,275.76667,36.01667,287,1950,2006
Obersiebenbrunn,16.71667,48.26667,150,1967,1983
Obihiro,143.21667,42.91667,38,1961,2008
OceanWeatherStationPapaOcean,215.0,50.0,6,1960,1998
OceanWeath.St.A,357.0,61.0,8,1964,1967
OceanWeath.St.I,360.0,59.0,8,1964,1967
OceanWeath.St.J,340.0,52.5,8,1964,1967
OceanWeath.St.K,344.0,45.0,8,1965,1967
Odeigne,5.73333,50.25,640,1968,1980
Odeillo,2.11667,42.48333,1580,1981,1991
Odessa,30.63333,46.48333,64,1964,2021
Odiham,359.05,51.23333,124,2006,2017
Oestersund,14.5,63.18333,876,1983,2021
Ofunato,141.71667,39.06667,37,1963,1973
Ohakea,175.38333,-40.2,55,1965,1991
Oimyakon,143.15,63.26667,726,1964,2021
Oita,131.61667,33.23333,5,1961,2008
Okayama,133.91667,34.66667,3,1961,1973
Okhotsk,143.2,59.36667,8,1964,1993
OklahomaCity,262.4,35.4,397,1950,2002
OlbiaA,9.5,40.86667,13,1964,1988
Olenek,112.43333,68.5,127,1964,1997
Omaezaki,138.21667,34.6,45,1972,2002
Omaha,263.98333,41.36667,399,1957,1994
Omsk,73.4,54.93333,119,1964,2021
Onahama,140.9,36.95,3,1961,2008
OodnadattaArpt,135.45,-27.55,117,1969,1980
OostendeAirpt.,2.86667,51.2,5,1975,2008
OostendeDenHaan,2.91667,51.23333,12,1968,1993
Orizabita,260.8,20.58333,1745,1968,1995
Orleans,1.76667,47.98333,125,2010,2021
Osaka,135.53333,34.81667,6,1959,2008
Oshima,139.36667,34.75,74,1972,2002
Oshodi,3.35,6.53333,22,1964,1967
Osnabrueck,8.05,52.25,104,1977,1998
Ostrava-Poruba,18.15,49.81667,242,1986,2021
Ottawa,284.28333,45.38333,79,1950,1998
OttawaInt.Airpt.,284.33333,45.31667,116,1996,1998
Ouagadougou,358.48333,12.35,316,1971,1990
Ouahigouya,357.56667,13.58333,337,1979,1990
OutlookPfra,252.95,51.48333,0,1988,1998
Ovalle,288.81667,-30.56667,370,1969,1973
Oviedo,354.13333,43.35,335,1981,2021
Paganella,11.03333,46.15,2125,1991,2015
Page,248.55,36.93333,1305,1959,1969
PalaiseauSIRTAObservatoryBSRN,2.20806,48.71306,156,2003,2021
"Palinuro,C.",15.28333,40.01667,185,1964,2015
PalmadeMallorca,2.61667,39.55,6,1981,2021
PalmaDemallorcaArpt,2.75,39.56667,10,2011,2020
PalmerAAES,210.9,61.56667,69,1967,1969
Palmichal,291.76667,10.3,1000,1996,1998
PampadeMajes,287.83333,-16.35,1440,1964,1966
PamplonaNoainAirport,358.36667,42.76667,452,2006,2021
PantelleriaIs.,11.96667,36.81667,170,1964,2009
Panzhihua,101.71667,26.58333,1190,1992,2000
Paraa,31.58333,2.3,693,1973,1978
Parc-Saint-Maur,2.5,48.81667,50,1964,1969
Parinacota,290.73333,-18.2,4392,1966,1973
Paris-Montsouris,2.33333,48.81667,75,1978,2021
Paris-Orly,2.38333,48.71667,89,2000,2021
Parshall2,291.48333,-21.96667,3360,1971,1972
PascuaIs,250.56667,-27.16667,47,1988,2001
Passau,13.46667,48.58333,412,1979,1996
Pau,359.58333,43.38333,188,1978,2021
Payerne,6.94247,46.81158,490,1981,2021
PayerneBSRN,6.94389,46.815,491,1992,2021
PayerneBSRNold,6.95,46.81667,490,1981,2010
PayerneETH,6.95,46.81667,491,1987,1990
PayerneSMA,6.95,46.81667,490,1994,2007
PearceRaaf,116.01667,-31.66667,45,1972,1974
PearlHarborHonolulu,202.0,21.36667,10,1950,1952
Pecs,18.2,46.06667,135,1964,1965
Pemba,40.5,-12.96667,50,1973,2002
PenhasDouradas,352.45,40.41667,1380,1964,2007
Pereirad'Eca,15.73333,-17.06667,1100,1973,1974
Perpignan,2.86667,42.73333,43,1980,2021
Perth,115.86667,-31.93333,19,1965,1993
PerthAirport,115.95,-31.93333,20,1964,1993
Perugia,12.5,43.08333,208,1989,2002
Pescara,14.2,42.43333,16,1964,1987
Peshawar,71.51667,34.0,360,1965,1981
PetrolinaBSRN,319.68111,-9.06806,387,2007,2019
Petropavlovsk-Kamchatski,158.75,52.96667,32,1964,2018
PhoenixSkyHarbor,247.98333,33.43333,344,1950,1994
Piacenza,9.73333,44.91667,134,1990,2014
Pianosa,10.1,42.58333,27,1964,1978
PianRosaM.,7.7,45.93333,3488,1964,2012
PiarcoIntern.Airport,298.65,10.61667,12,1987,2021
Pica,290.65,-20.5,1280,1969,1973
Pichilinque,280.51667,-1.1,73,1964,1967
PicoArpt,331.55,38.55,33,2013,2020
Pietersburg,29.45,-23.86667,1230,1953,1968
Piikkio,22.55,60.38333,5,1967,1977
Pilar,296.11667,-31.66667,338,1964,2021
PinangBayanLepas,100.26667,5.3,3,1975,2009
Pirque,289.48333,-33.61667,680,1972,1973
PisaS.Giusto,10.38333,43.68333,1,1964,2015
Pittsburgh,279.78333,40.5,367,1977,1980
Piura,279.4,-5.18333,49,1984,1988
Pleven,24.56667,43.45,131,1964,1995
Po,358.85,11.15,320,1990,1990
Podor,345.03333,16.65,6,1982,1991
Poitiers-Biard,0.3,46.58333,123,2011,2021
Polcura,288.46667,-37.31667,650,1966,1973
Ponferrada,353.4,42.56667,550,2007,2021
PontaDelgada,334.33333,37.75,35,1964,2013
PontaDelgadaNordelaArpt,334.3,37.73333,71,2006,2020
Ponza,12.95,40.91667,184,1989,2003
Poona,73.85,18.53333,555,1957,2021
Popeta,289.2,-34.43333,360,1971,1973
Poprad-Ganovce,20.31667,49.03333,706,2007,2021
Porlamar-Airpt.,296.03333,10.91667,24,1996,1998
Portalegre,352.58333,39.28333,579,2006,2007
Port-aux-Francais,70.21667,-49.33333,18,1973,1987
PortElizabeth,25.6,-33.98333,62,1957,1976
PortHarcourt,7.01667,4.76667,15,1965,1989
PortHardy,232.63333,50.68333,23,1967,1998
PortHedlandAirp.,118.61667,-20.36667,9,1969,1991
Portland,289.68333,43.65,19,1950,1975
PortMoresby,147.15,-9.48333,38,1965,1973
Porto,351.4,41.13333,93,1964,2013
PortoArptPedrasRubras,351.31667,41.23333,70,2000,2013
Portoroz,13.56667,45.51667,92,1974,1991
PortoSanto,343.65,33.06667,78,1957,2021
Portoviejo,279.56667,-1.06667,44,1964,1967
PortStanley,302.13333,-51.7,51,1964,1966
PortSudan,37.21667,19.58333,3,1957,1985
Potrerillos,290.51667,-26.33333,2850,1971,1973
Potsdam,13.06223,52.38125,81,1937,2006
PrahaPrag-Karlov,14.43333,50.06667,262,1972,2021
Praia,336.48333,14.9,32,1957,1974
PraticaDiMare,12.45,41.65,12,2011,2015
PreodrasheniyaIsland,112.5,74.66667,0,1955,1963
Pretoria,28.23333,-25.75,1369,1952,1974
PretoriaForum,28.18333,-25.73333,1331,1965,1976
PretoriaIrene,28.21667,-25.91667,1532,1974,1976
PrinceGeorge,237.31667,53.88333,676,1973,1998
Pristina,21.15,42.65,573,1968,1990
Prosser4NE,240.25,46.25,256,1953,1969
Pucon,288.03333,-39.26667,230,1971,1972
Pudahuel,289.21667,-33.38333,474,1988,2005
PuenteArqueado,288.65,-34.28333,119,1966,1973
PuertoAyacucho,292.5,5.6,73,1964,1998
PuertoMontt,286.91667,-41.41667,85,1997,2021
PuertoSaavedra,286.6,-38.76667,5,1971,1971
PuertoWilliams,292.51667,-54.93333,8,1971,1973
Pulawy,21.95,51.41667,147,1965,1978
Pullinque,287.78333,-39.75,145,1966,1973
Pullman,242.83333,46.73333,787,1958,1969
Puno,289.98333,-15.83333,3800,1988,1988
PuntaArenas,289.03333,-53.13333,37,1971,2021
Pusan,129.03333,35.1,69,1986,2021
Put-in-Bay,277.16667,41.65,177,1950,1953
Puyo,282.1,-1.58333,950,1965,1967
Pyongyang,125.78333,39.03333,35,1965,1993
Qingjiang,119.03333,33.6,18,1993,2000
QiraRuoqiang,88.16667,39.03333,888,1957,2000
Qitai,89.56667,44.01667,0,1987,1990
Qrendi,14.43333,35.83333,135,1964,1977
Quelentario,288.4,-34.03333,265,1966,1973
Quelimane,36.88333,-17.88333,6,1998,2011
QuettaSheikhManda,66.95,30.18333,1799,1964,2008
QuezonCityManilaScienceGarden,121.01667,14.63333,45,1964,2021
Quidron,35.45,31.66667,-395,1982,1991
Quillagua,290.45,-21.6,802,1971,1972
Quimper,355.83333,47.96667,90,2010,2021
Rabaul,152.18333,-4.21667,5,1956,1969
Rafah,34.2,31.2,73,1990,2010
Raizet,298.48333,16.26667,7,1973,2021
Raleigh,281.21667,35.86667,132,1950,2002
RapidCity,256.93333,44.05,966,1950,1975
Raqqa,39.0,35.95,250,1972,1977
Reckenholz,8.51667,47.43333,443,1988,1990
Reckenholz-SMA,8.5175,47.4275,443,1981,2007
ReginaBSRN,255.71667,50.2,587,1995,2011
Reims,4.03333,49.3,95,1974,2011
Reims-Prunay,4.15,49.2,95,2012,2021
Rengo,289.13333,-34.4,333,1971,1973
Rennes,358.26667,48.06667,37,1967,2021
Reno,240.21667,39.5,1341,1965,2000
"ReservaJaru,Ji-Parana",298.08333,-10.08333,120,1991,1993
"ReservaValedoRioDoce,Maraba",310.83333,-5.75,150,1991,1993
Resolute,265.01667,74.71667,67,1951,2004
ReusArpt,358.83333,41.15,73,2004,2021
Reykjavik,338.1,64.13333,52,1957,2021
Richland,240.41667,46.56667,223,1954,1969
Rietholzbach,9.0,47.38333,760,1988,1990
RiservaDucke26kmnortheastofManaus,300.05,-2.95,80,1983,1993
Riverside,242.66667,33.96667,320,1950,1969
RiyadhSolarVillageBSRN,48.76667,24.65,650,2000,2015
RockhamptonAirp.,150.48333,-23.38333,10,1973,2020
RockSpringsBSRN,257.93333,40.71667,376,1998,2003
RockspringsPennState,282.27,40.72,376,2001,2021
RockSpringsPennsylvaniaBSRN,282.06667,40.72,376,1998,2020
Rodez-Aveyron,2.46667,44.4,578,2013,2021
Rogen,24.73333,41.55,1750,1996,1998
Roissy-en-France,2.53333,49.03333,108,1989,2021
RolindeMouraBSRN,298.22694,-11.58194,252,2007,2007
RomaCiampino,12.58333,41.8,131,1964,2009
Roodeplaat,28.35,-25.58333,1164,1956,1976
Roquetas-Tortosa,0.5,40.81667,44,1997,2021
Rothamsted,359.65,51.8,128,1963,1975
Rubona,29.76667,-2.48333,1706,1958,1960
Rucava,21.16667,56.16667,18,2007,2018
RudolfIsland,56.0,82.0,0,1949,1953
Rumoi,141.63333,43.95,24,1973,2002
Ruston,267.35,32.53333,98,1965,1969
Saarbruecken,7.11667,49.21667,325,1981,1998
SableIsland,299.98333,43.93333,4,1969,1998
SachsHarbour,234.73333,72.0,88,1970,2000
SadaBandeira,13.48333,-14.9,1761,1969,1974
Saentis,9.35,47.25,2500,1981,2021
Saga,130.3,33.26667,6,1961,2008
Sagres,351.05,36.98333,25,2006,2007
Saigo,133.33333,36.2,27,1961,1973
SaintGeorges,308.19528,3.89056,11,2013,2021
SaintLaurent,305.98333,5.48333,5,2013,2021
Saint-Pierre,303.83333,46.76667,3,1972,2021
Saint-Quentin,3.2,49.81667,98,1973,2021
Sakata,139.85,38.91667,3,1961,2002
Salalah,54.08333,17.03333,20,1988,1991
Salamanca,354.08333,40.95,803,2001,2021
SalamancaUniversity,354.41667,40.91667,550,2004,2014
SaltLakeCity,248.03333,40.78333,1288,1950,2006
Saltpond,358.93333,5.2,4,1964,1968
Salzburg,13.0,47.8,435,1957,2003
SalzburgFreisal,13.05,47.78333,420,1964,2021
Samara,50.45,53.25,44,1964,2021
Samaru,7.63333,11.18333,685,1964,1966
Same,37.71667,-4.08333,872,1969,1976
Samsun,36.25,41.33333,4,1983,1984
San,355.16667,13.33333,284,1980,1980
SanAntonio,261.53333,29.53333,242,1951,1974
SanAntonio-del-Tachira,287.56,7.84,377,1964,1998
SanBernardino,9.18472,46.46306,1639,1981,2007
Sandanski,23.26667,41.51667,206,1985,2005
SandPoint,237.75,47.68333,20,1995,2006
Sandspit,228.18333,53.25,8,1967,1998
SanFernandoChile,289.0,-34.58333,350,1972,1973
SanFernandodeApure,292.58333,7.9,47,1964,1998
SanJavierAirport,359.2,37.78333,2,2004,2020
SanJoaquinValley,240.36667,36.3,73,1995,2006
SanJuan,294.0,18.43333,19,1979,1979
SanJuan-de-Les-Morros,292.66667,9.91667,429,1996,1998
SanMartin,291.58333,-33.08333,653,1967,1967
SanPedrodeAtacama,291.81667,-22.91667,2436,1971,1972
SanSalvador,270.8,13.71667,700,1964,1979
SanSebastian,357.95,43.3,258,1995,2021
SantaCatarinaUniversity,311.16667,-27.6,7,1990,1991
SantacruzBombay,72.85,19.11667,15,1970,2021
SantaCruzElSalvador,271.18333,13.43333,30,1964,1976
SantaCruzSpain,343.8,28.26667,25,2006,2021
SantaElenadeUairen,298.88333,4.6,907,1964,1998
SantaMaria,239.55,34.9,82,1950,1975
SantaMariaAirport,334.83333,36.96667,100,2006,2014
Santander,356.18333,43.46667,78,1983,2021
SantaTecla,270.71667,13.68333,955,1964,1976
SantiagoArpt,351.58333,42.9,370,2004,2021
SantiagoChile,289.3,-33.45,520,1966,2021
SantiagoCuba,284.16667,20.05,44,1964,1965
SantoDomingo,287.93333,7.58333,327,1996,1998
Sanya,109.51667,18.23333,6,1992,2000
SaoMartinhodaSerraBSRN,306.17694,-29.44278,489,2006,2019
SaoTome,6.71667,0.38333,8,1958,1974
Sapporo,141.33333,43.05,17,1957,2020
SapporoBSRN,141.32861,43.06,17,2010,2020
Sapu,344.76667,13.6,2,1980,1980
Sarajevo,18.43333,43.86667,505,1964,1977
Sasebo,129.73333,33.16667,4,1961,1969
Saskatoon,253.36667,52.13333,515,1960,1998
SaultSteMarie,275.63333,46.46667,221,1950,2002
SavannahStateCollege,278.88333,32.05,11,1985,2000
Sayville,286.91667,40.76667,17,1950,1963
Schenectady,286.11667,42.83333,149,1951,1959
Schleswig,9.55,54.53333,59,1980,1998
Seabrook,284.76667,39.5,34,1950,1957
SeattleTacoma,237.7,47.45,137,1951,1994
SeattleUniversityofWashington,237.7,47.65,34,1950,1969
SedeBoqerBSRN,34.76667,30.86667,0,2003,2012
Seebint.Airpt.,58.28333,23.58333,15,1988,1991
Seehausen,11.73333,52.9,21,1991,1998
Semipalatinsk,80.3,50.41667,195,1964,1992
Sendai,140.9,38.26667,38,1957,2008
Seoul,126.96667,37.56667,86,1986,2021
SeptIles,293.75,50.21667,53,1973,1998
Serere,32.45,1.51667,1133,1978,1978
SerpaPinto,17.7,-14.66667,1384,1969,1974
Sevilla,354.1,37.41667,34,1981,1988
Sfax,10.68333,34.71667,23,2008,2008
ShambatObs.,32.53333,15.66667,376,1964,1992
Shanghai,121.48333,31.4,7,1991,2016
Shanghai1961-1990,121.43333,31.16667,4,1961,1990
Shantou,116.68333,23.4,1,1961,2000
Shanwell,357.13333,56.43333,4,1984,1992
Shaoguan,113.6,24.8,0,1961,1990
SharjahInt.Airport,55.51667,25.33333,33,1991,1991
ShearwaterHalifax,296.5,44.63333,51,1987,1997
Shenyang,123.45,41.73333,43,1961,2016
Shillong,91.88333,25.56667,1600,1967,2021
ShimizuAshizuri,133.01667,32.71667,30,1961,2008
Shimonoseki,130.93333,33.95,3,1961,2008
Shionomisaki,135.76667,33.45,73,1961,2009
Shizuoka,138.4,34.98333,14,1973,2002
ShowaStation,39.58333,-69.0,3,1959,1988
Shreveport,266.25,32.41667,67,1957,1965
Sidi-Barrani,25.4,31.63333,27,1984,2010
SidiBouzidold:Sidi-Bou-Said,10.35,36.86667,127,1964,2000
Sikiwna,22.73333,37.98333,150,1981,1993
Silsoe,359.58333,52.01667,59,1958,1975
Simama,27.01667,-9.61667,852,1958,1960
SinesMonteChaos,351.13333,37.95,96,2006,2006
SingaporeAirportneuChangi-Airpt.,103.91667,1.36667,32,1965,2004
Siofok,18.05,46.9,107,1964,1965
Sion,7.3375,46.21889,482,1981,2007
SiouxFalls,263.38,43.73,473,2003,2021
SiouxFallsBSRN,263.38,43.73,473,2003,2019
Sjenica,20.0,43.28333,1015,1964,1971
Skopje,21.46667,41.98333,240,1964,1976
SljemePuntijarka,15.96667,45.91667,988,1964,2011
S.MariadiLeuca,18.35,39.81667,104,1989,2015
Sodankyla,26.65,67.36667,178,1953,2010
Sofia,23.33333,42.68333,588,1964,2010
SolarRadiationRes.Lab.,254.81667,39.73333,1829,1985,2021
SolarVillageBSRN,46.41,24.91,650,1998,2002
Songea,35.55,-10.68333,1067,1968,1976
Songkhla,100.61667,7.18333,10,1966,1967
Sonnblick,12.95,47.05,3106,1964,2021
SonnblickBSRN,12.95778,47.05389,3109,2013,2022
"Sonzier,Montreux",6.92361,46.43889,675,1948,1958
Sopron,16.58333,47.71667,427,1964,2006
Sopron-2,16.6,47.68333,233,1996,2006
Soria,357.5,41.6,1090,2000,2021
Soroti,33.61667,1.71667,1132,1970,1974
SouthCarolinaStateUniv.,279.08333,33.75,96,1985,1996
SouthernGreatPlainsArmE13BSRN,277.48333,36.6,318,1994,2019
SouthPoleBSRN,24.79889,-89.98306,2800,1992,2017
SouthPoleUSStationAmundsen-Scott,0.0,-90.0,2835,1976,1988
South-Valley,32.75,26.2,96,2000,2010
SplitMarjan,16.43333,43.51667,122,1964,1984
Spokane,242.46667,47.63333,718,1950,2002
StateCollege,282.13333,40.8,375,1950,1969
St-Auban,5.98333,44.05,461,2012,2021
St-Barthelemymeteo,297.15,17.9,44,2018,2021
St-Brieuc,357.15,48.53333,135,2009,2021
St.Cloud,265.93333,45.55,315,1950,2002
St-Dizier,4.9,48.61667,139,2011,2021
Stephenville,261.81667,32.21667,402,1974,1976
Sterling,282.53333,38.98333,87,1962,2006
St-Etienne-Boutheon,4.28333,45.51667,400,2017,2021
Steyr,14.6,48.06667,309,1964,1984
St.Gallen,9.39944,47.42556,1030,1981,2007
St-Girons,1.1,43.0,414,2011,2021
St.Hubert,5.4,50.03333,563,1968,2008
Stillwater,262.91667,36.13333,277,1950,1967
"St.James,C.",228.98333,51.93333,92,1967,1998
St.John'sAirpt.,307.21667,47.51667,114,1960,1998
Stockholm,17.95,59.35,24,1922,2021
Storlien-Visjovalen,12.11667,63.3,646,2013,2021
St.PetersburgVoeikovo,30.3,59.96667,4,1964,2000
Strassburg,7.63333,48.55,153,1974,2021
StrbskePleso,20.08333,49.11667,1353,1973,2008
Stuttgart,9.2,48.83333,318,1979,1998
Suffield,248.81667,50.26667,775,1959,1998
Sulayel,45.61667,20.46667,16,1980,1990
Summerland,240.35,49.56667,454,1960,1995
Suolun,121.21667,46.6,500,1992,2000
Sur,59.48333,22.53333,14,1988,1991
SuttonBonington,358.75,52.83333,48,1959,1975
Suttsu,140.21667,42.8,33,1973,2002
SuvaLaucalaBay,178.45,-18.15,6,1985,2011
Suwa,138.11667,36.05,760,1961,1967
Suwalki,22.95,54.1,172,1964,1978
S.Valentino,10.53333,46.75,1461,2011,2015
SvenskaHogarna,19.5,59.45,10,2009,2021
SverdlovskEkaterinburg,60.63333,56.8,290,1964,1991
Swakopmund,14.51667,-22.68333,0,1957,1958
SwanIsland,276.06667,17.4,17,1951,1991
SwiftCurrent,252.26667,50.26667,825,1960,2000
Sydney,151.2,-33.86667,42,1982,1991
SydneyAirp.,151.18333,-33.95,6,1983,1994
SydneyMacguarieUniversity,151.11667,-33.66667,60,1968,1987
SyowaBaseold,39.58333,-69.0,21,2007,2007
SyowaBSRN,39.58889,-69.005,18,1994,2021
Szarvas,20.53333,46.86667,85,1980,2006
Szeged,20.1,46.25,79,1964,1965
Szentgotthard,16.28333,46.95,221,1964,1965
TaastrupCopenhagen,12.3,55.66667,28,1965,2002
Tabarka,8.75,36.95,21,2008,2008
Tabora,32.83333,-5.08333,1181,1965,1975
Tabuk,36.63333,28.36667,778,1978,1990
Tacheng,83.0,46.73333,535,1993,2000
Tafo,359.61667,6.25,195,1972,1979
Tahoua,5.25,14.9,386,1978,1980
Tahrir,30.7,30.65,16,1964,1999
Taita,174.96667,-41.18333,65,1965,1968
Taiyuan,112.55,37.78333,778,1961,2000
Takada,138.25,37.1,13,1961,2007
Takamatsu,134.05,34.31667,9,1961,2008
Takayama,137.25,36.15,560,1961,1973
Takoradi,358.23333,4.88333,4,1965,1983
Tallahassee,275.63333,30.38333,25,1954,2002
Tal-Tal,289.43333,-25.41667,5,1971,1973
Tamale,359.11667,9.41667,180,1966,1980
Tamanrasset,5.51667,22.78333,1377,1959,2021
TamanrassetBSRN,5.51667,22.78333,1377,1995,2022
Tambacounda,346.31667,13.76667,49,1980,1987
Tampa,277.46667,27.96667,3,1952,2000
Tanegashima,130.98333,30.73333,17,1961,1973
Tarbes-Ossun,0.0,43.18333,360,2010,2021
Tashkent,69.26667,41.26667,428,1964,1992
Tateno,140.13333,36.05,25,1957,2021
TatenoBSRN,140.13333,36.05,25,1996,2022
Tavaux,5.41667,47.03333,195,2012,2021
Tbilisi,44.95,41.68333,427,1964,1992
Temblador,297.38333,9.01667,327,1996,1998
Temuco,287.03333,-38.81667,98,1976,2001
Tenerife,343.43333,28.03333,25,2003,2021
Tengchong,98.5,25.01667,1655,1961,2000
TennantCreek,134.16667,-19.63333,375,1996,2006
"Terminillo,M.",12.98333,42.46667,1875,1964,2008
Termoli,15.0,42.0,16,1989,2012
Teruel,358.88333,40.35,900,2007,2021
Tete,33.58333,-16.18333,154,1965,2005
ThePas,258.9,53.96667,272,1972,1998
Thessaloniki,22.96,40.63,60,1992,2021
ThompsonZoo,262.13333,55.8,206,1994,1997
Tianjin,117.06667,39.08333,3,1959,2000
Tianshui,105.63333,34.6,0,1960,1966
TiksiBay-MuostakhIsland,129.0,71.7,0,1936,1963
TiksiBSRN,128.91889,71.58611,48,2010,2018
Tillabery,1.45,14.2,209,1978,1980
Timisoara,21.25,45.76667,86,1964,1993
Timisoaraneu,21.28333,45.78333,90,1964,2021
Tiszaors,20.83333,47.53333,91,1964,1965
TitlisBergstation,8.41667,46.78333,3020,1990,1992
TitlisStand,8.41667,46.78333,2450,1990,1992
Tocopilla,289.78333,-22.08333,16,1971,1973
Tokar,37.61667,18.43333,20,1974,1985
Tokushima,134.56667,34.06667,2,1961,1973
Tokyo,139.76667,35.68333,6,1961,2008
Toledo,355.66667,39.55,910,1983,2021
Toledo2,355.95,39.88333,515,1995,2010
Tombouctou,357.0,16.71667,264,1980,1980
Tongliao,122.26667,43.6,0,1960,2000
Toravere,26.78333,58.45,70,1955,1994
ToravereBSRN,26.46194,58.25389,70,1999,2020
Toravereold,26.46667,58.26667,70,1955,2010
Torino,7.65,45.18333,282,1964,1991
Torino-Bric,7.73333,45.03333,709,1964,1998
Toronto,280.6,43.66667,116,1950,2000
TorontoMet.Res.St.,280.45,43.8,149,1967,1998
TorontoScarborough,280.76667,43.71667,157,1959,1998
Tororo,34.16667,0.68333,1170,1966,1978
Tortosa,0.51667,40.81667,0,1966,1972
ToulonIleduLevant,6.46667,43.03333,110,1988,2021
ToulouseBlagnac,1.36667,43.63333,152,1991,2021
Tours,0.71667,47.45,108,1976,2021
Townsville,146.75,-19.25,5,1953,2020
Toyama,137.2,36.71667,9,1961,2002
TrapaniBirgi,12.51667,37.91667,14,1964,2015
Trappes,2.01667,48.76667,168,1967,2021
Trebisov,21.73333,48.66667,107,1986,2021
TrevisoSantoAngelo,12.18333,45.65,18,1991,2000
Trier,6.66667,49.75,278,1958,2021
Trieste,13.75,45.65,20,1964,2015
Trikala,22.55,40.58333,1,1981,1993
Trinite-Caravel,299.13333,14.76667,26,2014,2021
Trivandrum,76.95,8.48333,60,1964,2021
Tromso,18.95,69.65,102,1941,1965
Troyes-Barberey,4.01667,48.31667,112,2009,2021
Tucson,249.06667,32.11667,779,1955,1969
Tucuman,294.8,-26.8,481,1967,1973
Tulear,43.73333,-23.4,8,1988,1993
Tumeremo,298.55,7.3,180,1964,1998
Tumotezuoqi,111.15,40.68333,0,1970,1991
Tunis-Carthage,10.23333,36.83333,4,1964,2008
Tunxi,118.28333,29.71667,143,1992,2000
Turpan,89.2,42.93333,35,1960,2000
Turukhansk,87.95,65.78333,32,1964,1997
Tymbakion,24.76667,35.0,7,1977,1993
Uccle,4.35,50.8,105,1961,2011
UdineRivoltonew,13.03333,45.98333,51,1988,2010
UdineRivoltoold,13.18333,46.03333,92,1964,2010
Ulaangom,92.06667,49.85,934,1964,2021
Ulan-Bator,106.75,47.85,1264,1964,2021
Ulcinj,19.21667,41.91667,97,1964,1965
Ulyasutay,96.85,47.75,1751,1964,2021
Umbeluzi,32.38333,-26.05,12,1970,1997
Umea,20.25,63.81667,10,1988,2021
Unayzah,43.98333,26.06667,724,1975,1989
UniversityofTsukuba,140.1,36.11667,27,1981,1991
Upington,21.26667,-28.43333,814,1955,1976
Upton,287.11667,40.86667,27,1950,1957
Urakawa,142.78333,42.01667,33,1973,2002
Urumqi,87.61667,43.78333,918,1959,2016
Ushibuka,130.03333,32.2,3,1962,1969
Ushuaia,291.69,-54.85,10,1994,2021
UsticaIs.,13.18333,38.7,250,1964,1997
"Utsjoki,Kevo",27.03333,69.75,107,1971,2017
Utsunomiya,139.86667,36.55,119,1961,2002
VaexjoeKronoberg,14.73333,56.93333,182,1983,2021
Valence-Chabeui,4.96667,44.9,163,2014,2017
ValenciaAirport,359.53333,39.5,62,2004,2021
ValenciaSpain,359.61667,39.48333,23,1996,2021
ValenciaVenezuela,292.06667,10.16667,430,1996,1998
Valentia,349.75,51.93333,30,1964,2021
Valera,289.43333,9.35,628,1996,1998
Valladolid,355.23333,41.65,734,1995,2021
ValledelaPascua,293.98333,9.21667,125,1996,1998
Vallenar,289.23333,-28.6,526,1971,2003
Valparaiso,288.4,-33.03333,70,1966,1986
ValparaisoUSM,288.51667,-33.03333,70,1962,2004
Vanavara,102.26667,60.33333,259,1964,2006
Vancouver,236.75,49.25,87,1959,1987
"Vancouver,BritishColumbia",236.7,49.25,50,1987,1987
Vannes,357.25,47.63333,11,2013,2021
Varna,27.91667,43.2,14,1964,1998
Velen,190.2,66.21667,0,1956,1963
VeneziaTessera,12.33333,45.5,6,1964,1989
Verkhoyansk,133.38333,67.55,137,1964,2004
VeronaVillafranca,10.86667,45.38333,67,1989,2012
Vichy-Charmeil,3.38333,46.16667,249,2010,2021
VignadiValle,12.21667,42.08333,262,1964,2015
Vignola,8.65,41.91667,90,1988,1989
VigoAirport,351.36667,42.21667,255,2004,2021
Vilanova-Arousa,351.25,42.6,15,1999,2019
VilaReal,352.26667,41.31667,562,2006,2006
Visby-Aerolog.Station,18.35,57.66667,51,1983,2021
Viseau,352.11667,40.71667,644,2006,2007
Vishakhapatnam,83.23333,17.71667,41,1964,2021
Viterbo,12.08333,42.43333,300,1989,2014
Vitoria,358.33333,42.86667,550,2000,2021
VizeIsland,77.0,79.5,0,1958,1963
Vladivostok,131.9,43.11667,138,1964,2015
Vlissingen,3.6,51.45,8,1978,2015
Voi,38.56667,-3.4,560,1964,2007
Vostok,106.86667,-78.45,3488,1964,1993
VrangelyaIsland,182.5,71.25,0,1958,1996
VyedineniyaIsland,80.5,77.5,0,1935,1963
Waddington,359.48333,53.16667,73,2006,2017
WadiEl-Natoun,30.36667,30.4,49,1999,2010
WadiHalfa,31.3,21.83333,155,1960,1964
WadMedani,33.48333,14.4,408,1957,1992
Wageningen,5.65,51.96667,7,1928,2006
WaggaWaggaAirp.,147.45,-35.15,221,1968,2010
WaggaWaggaAMO,147.46,-35.16,221,1968,2021
Wajima,136.9,37.38333,5,1971,2010
Wakayama,135.16667,34.23333,14,1961,1973
WakeIsland,166.65,19.28333,5,1951,1976
Wakkanai,141.68333,45.41667,3,1961,2008
Wallingford,358.83333,51.6,49,1964,1975
Wambrook,148.88333,-36.18333,1311,1964,1965
Wanxian,108.35,30.8,0,1961,1990
Wareham,357.81667,50.66667,10,1969,1975
Warszawa,20.98333,52.26667,130,1964,2021
WashingtonD.C.,282.53333,38.98333,86,1950,1969
Wattisham,0.9575,52.11667,91,2006,2017
Weihenstephan,11.7,48.4,469,1961,2021
Weimar,11.31667,50.98333,257,1991,1998
Weining,104.25,26.85,0,1961,1990
Weissenburg,10.96667,49.01667,428,1981,1998
Weissfluhjoch,9.83333,46.81667,2670,1947,2007
WellingtonKelburn,174.76667,-41.28333,126,1965,1991
Wenchi,357.9,7.75,339,1989,1997
Wenjiang,103.83333,30.7,539,2004,2016
Whenuapai,174.63333,-36.78333,28,1965,1969
Whitehorse,224.93333,60.71667,703,1970,1997
Wien-Grossendorf,16.56667,48.2,153,1988,2006
Wien-Hohe-Warte,16.36667,48.25,202,1964,2021
Williamtown,151.83333,-32.81667,4,1953,1961
WilliamtownAirp.,151.81667,-32.78333,9,1965,1988
WillisIs.,149.98333,-16.3,6,1964,1993
Windhoek,17.1,-22.56667,1728,1952,1976
WinnipegInt.Airpt.,262.76667,49.9,240,1950,2000
Wonji,39.25,8.31667,1500,1968,1969
Woomera,136.81667,-31.13333,165,1968,2013
WrangleIs.,181.46667,70.96667,2,1964,1996
Wuerzburg,9.96667,49.76667,275,1957,2021
Wuhan,114.13333,30.61667,23,1961,2016
Xai-Xai,33.63333,-25.03333,15,1998,1998
Xi'an,108.93333,34.3,0,1961,2000
XiangheBSRN,116.96194,39.75389,32,2005,2015
Xilinhaote,116.06667,43.95,0,1990,2000
Xining,101.76667,36.61667,2261,1959,2000
Xisha,112.33333,16.83333,0,1992,2000
Yakushima,130.66667,30.38333,37,1961,1969
Yakutsk,129.75,62.08333,103,1964,2021
Yamagata,140.35,38.25,152,1961,2007
Yamaguchi,131.45,34.16667,17,1966,1969
Yan'an,109.5,36.6,959,1990,2000
Yangambi,24.45,0.81667,485,1954,1960
Yanji,129.46667,42.83333,177,1960,2000
Yanqi,86.56667,42.08333,0,1993,2000
Yantai,121.4,37.53333,0,1961,2000
YantaiFushan,121.25,37.5,0,1992,2000
Yendi,359.98333,9.45,195,1981,1984
Yichang,111.3,30.7,133,1961,2000
Yijinhuoluoqi,109.8,39.36667,0,1961,1991
Yinchuan,106.21667,38.48333,1111,1961,2000
Yining,81.33333,43.95,663,1960,2000
Yokohama,139.65,35.43333,39,1961,1968
Yonago,133.35,35.43333,7,1961,2008
YugorskiyShar,60.91667,69.83333,0,1954,1957
Yushu,97.01667,33.01667,3681,1960,2000
Yuzhno-Sakhalinsk,142.73333,46.91667,22,1964,2021
Yuzhong,104.15,35.86667,1875,2004,2016
Zaghouan-Mogran,10.76667,36.43333,156,2008,2008
ZagrebGric,15.98333,45.81667,157,1964,1977
Zagreb-Horvat.,16.0,45.83333,182,1993,2008
ZagrebMaksimir,15.98333,45.81667,157,1964,1987
Zakopane,19.96667,49.28333,857,1964,2021
Zalingei,23.48333,12.9,900,1972,1980
ZanzibarIs.,39.21667,-6.21667,15,1964,1974
Zaragoza,358.99583,41.63333,263,1999,2021
Zhaotong,103.75,27.33333,0,1961,1990
Zhengzhou,113.65,34.71667,110,1961,2000
Zhongshan,113.35,22.58333,0,1965,1990
ZH-UZI,8.53056,47.36722,437,2000,2000
Ziguinchor,343.73333,12.55,26,1976,1991
Zilani,25.91667,56.51667,107,1991,2009
Zinder,8.95,13.78333,460,1978,1980
Zinnwald,13.75,50.73333,877,1991,1998
Zlatibor,19.71667,43.73333,1029,1964,1981
Zoseni,25.9,57.135,188,1994,2021
Zuerich-Kloten,8.53333,47.48333,436,1959,2021
Zuerich-SMAnew,8.56667,47.38333,556,1981,2007
Zuerich-SMAold,8.55,47.38333,493,1938,1942
Zunyi,106.91667,27.68333,0,1961,1990
